TaskID,AppType,DeviceID,RequestSize,Bandwidth,MaxLatency,Length,core_demand
1,1,81402,1.6,0,50,500,1
2,1,42501,1.6,0,50,500,1
3,1,12956,1.6,0,50,500,1
4,1,34375,1.6,0,50,500,1
5,1,92567,1.6,0,50,500,1
6,1,51344,1.6,0,50,500,1
7,1,17242,1.6,0,50,500,1
8,1,27503,1.6,0,50,500,1
9,1,32561,1.6,0,50,500,1
10,1,2057,1.6,0,50,500,1
11,1,87419,1.6,0,50,500,1
12,1,94649,1.6,0,50,500,1
13,1,43904,1.6,0,50,500,1
14,1,39906,1.6,0,50,500,1
15,1,58577,1.6,0,50,500,1
16,1,99019,1.6,0,50,500,1
17,1,69804,1.6,0,50,500,1
18,1,39653,1.6,0,50,500,1
19,1,18777,1.6,0,50,500,1
20,1,46278,1.6,0,50,500,1
21,1,79774,1.6,0,50,500,1
22,1,61036,1.6,0,50,500,1
23,1,23107,1.6,0,50,500,1
24,1,45734,1.6,0,50,500,1
25,1,55093,1.6,0,50,500,1
26,1,79050,1.6,0,50,500,1
27,1,88983,1.6,0,50,500,1
28,1,46068,1.6,0,50,500,1
29,1,54135,1.6,0,50,500,1
30,1,29322,1.6,0,50,500,1
31,1,23892,1.6,0,50,500,1
32,1,36187,1.6,0,50,500,1
33,1,78315,1.6,0,50,500,1
34,1,18952,1.6,0,50,500,1
35,1,26658,1.6,0,50,500,1
36,1,20501,1.6,0,50,500,1
37,1,57068,1.6,0,50,500,1
38,1,47641,1.6,0,50,500,1
39,1,13120,1.6,0,50,500,1
40,1,45700,1.6,0,50,500,1
41,1,29600,1.6,0,50,500,1
42,1,82827,1.6,0,50,500,1
43,1,63095,1.6,0,50,500,1
44,1,2545,1.6,0,50,500,1
45,1,75425,1.6,0,50,500,1
46,1,18453,1.6,0,50,500,1
47,1,41420,1.6,0,50,500,1
48,1,40501,1.6,0,50,500,1
49,1,62520,1.6,0,50,500,1
50,1,79747,1.6,0,50,500,1
51,1,93781,1.6,0,50,500,1
52,1,22115,1.6,0,50,500,1
53,1,82266,1.6,0,50,500,1
54,1,43372,1.6,0,50,500,1
55,1,65345,1.6,0,50,500,1
56,1,66021,1.6,0,50,500,1
57,1,20107,1.6,0,50,500,1
58,1,47131,1.6,0,50,500,1
59,1,75539,1.6,0,50,500,1
60,1,59708,1.6,0,50,500,1
61,1,29174,1.6,0,50,500,1
62,1,73612,1.6,0,50,500,1
63,1,91283,1.6,0,50,500,1
64,1,9913,1.6,0,50,500,1
65,1,49486,1.6,0,50,500,1
66,1,7039,1.6,0,50,500,1
67,1,21708,1.6,0,50,500,1
68,1,7843,1.6,0,50,500,1
69,1,50938,1.6,0,50,500,1
70,1,94533,1.6,0,50,500,1
71,1,12264,1.6,0,50,500,1
72,1,25910,1.6,0,50,500,1
73,1,23601,1.6,0,50,500,1
74,1,96949,1.6,0,50,500,1
75,1,24917,1.6,0,50,500,1
76,1,12809,1.6,0,50,500,1
77,1,39118,1.6,0,50,500,1
78,1,93077,1.6,0,50,500,1
79,1,94541,1.6,0,50,500,1
80,1,99506,1.6,0,50,500,1
81,1,79703,1.6,0,50,500,1
82,1,65849,1.6,0,50,500,1
83,1,89986,1.6,0,50,500,1
84,1,78274,1.6,0,50,500,1
85,1,49130,1.6,0,50,500,1
86,1,16654,1.6,0,50,500,1
87,1,58217,1.6,0,50,500,1
88,1,41370,1.6,0,50,500,1
89,1,86521,1.6,0,50,500,1
90,1,43234,1.6,0,50,500,1
91,1,26161,1.6,0,50,500,1
92,1,44521,1.6,0,50,500,1
93,1,84207,1.6,0,50,500,1
94,1,60106,1.6,0,50,500,1
95,1,63429,1.6,0,50,500,1
96,1,83442,1.6,0,50,500,1
97,1,17899,1.6,0,50,500,1
98,1,59636,1.6,0,50,500,1
99,1,24297,1.6,0,50,500,1
100,1,39754,1.6,0,50,500,1
101,1,64393,1.6,0,50,500,1
102,1,44394,1.6,0,50,500,1
103,1,5076,1.6,0,50,500,1
104,1,84787,1.6,0,50,500,1
105,1,76160,1.6,0,50,500,1
106,1,56089,1.6,0,50,500,1
107,1,23742,1.6,0,50,500,1
108,1,38315,1.6,0,50,500,1
109,1,80491,1.6,0,50,500,1
110,1,629,1.6,0,50,500,1
111,1,49832,1.6,0,50,500,1
112,1,4172,1.6,0,50,500,1
113,1,31531,1.6,0,50,500,1
114,1,9098,1.6,0,50,500,1
115,1,3644,1.6,0,50,500,1
116,1,48273,1.6,0,50,500,1
117,1,9226,1.6,0,50,500,1
118,1,11240,1.6,0,50,500,1
119,1,98216,1.6,0,50,500,1
120,1,96656,1.6,0,50,500,1
121,1,11186,1.6,0,50,500,1
122,1,86609,1.6,0,50,500,1
123,1,32784,1.6,0,50,500,1
124,1,72351,1.6,0,50,500,1
125,1,17296,1.6,0,50,500,1
126,1,85585,1.6,0,50,500,1
127,1,97706,1.6,0,50,500,1
128,1,66319,1.6,0,50,500,1
129,1,10303,1.6,0,50,500,1
130,1,29250,1.6,0,50,500,1
131,1,89936,1.6,0,50,500,1
132,1,93658,1.6,0,50,500,1
133,1,58781,1.6,0,50,500,1
134,1,96523,1.6,0,50,500,1
135,1,94356,1.6,0,50,500,1
136,1,15909,1.6,0,50,500,1
137,1,54838,1.6,0,50,500,1
138,1,92851,1.6,0,50,500,1
139,1,19498,1.6,0,50,500,1
140,1,83044,1.6,0,50,500,1
141,1,36975,1.6,0,50,500,1
142,1,80795,1.6,0,50,500,1
143,1,38614,1.6,0,50,500,1
144,1,68808,1.6,0,50,500,1
145,1,87427,1.6,0,50,500,1
146,1,25123,1.6,0,50,500,1
147,1,51567,1.6,0,50,500,1
148,1,27825,1.6,0,50,500,1
149,1,80271,1.6,0,50,500,1
150,1,15436,1.6,0,50,500,1
151,1,63845,1.6,0,50,500,1
152,1,66204,1.6,0,50,500,1
153,1,1999,1.6,0,50,500,1
154,1,5401,1.6,0,50,500,1
155,1,60032,1.6,0,50,500,1
156,1,48559,1.6,0,50,500,1
157,1,50489,1.6,0,50,500,1
158,1,62694,1.6,0,50,500,1
159,1,35301,1.6,0,50,500,1
160,1,52753,1.6,0,50,500,1
161,1,14585,1.6,0,50,500,1
162,1,37467,1.6,0,50,500,1
163,1,46797,1.6,0,50,500,1
164,1,22380,1.6,0,50,500,1
165,1,20599,1.6,0,50,500,1
166,1,29453,1.6,0,50,500,1
167,1,55150,1.6,0,50,500,1
168,1,69262,1.6,0,50,500,1
169,1,33961,1.6,0,50,500,1
170,1,37601,1.6,0,50,500,1
171,1,23814,1.6,0,50,500,1
172,1,14277,1.6,0,50,500,1
173,1,45165,1.6,0,50,500,1
174,1,87036,1.6,0,50,500,1
175,1,16046,1.6,0,50,500,1
176,1,20320,1.6,0,50,500,1
177,1,53065,1.6,0,50,500,1
178,1,32498,1.6,0,50,500,1
179,1,99648,1.6,0,50,500,1
180,1,56864,1.6,0,50,500,1
181,1,21157,1.6,0,50,500,1
182,1,2073,1.6,0,50,500,1
183,1,42828,1.6,0,50,500,1
184,1,92303,1.6,0,50,500,1
185,1,38516,1.6,0,50,500,1
186,1,71539,1.6,0,50,500,1
187,1,66181,1.6,0,50,500,1
188,1,73366,1.6,0,50,500,1
189,1,1940,1.6,0,50,500,1
190,1,23744,1.6,0,50,500,1
191,1,86833,1.6,0,50,500,1
192,1,1813,1.6,0,50,500,1
193,1,98706,1.6,0,50,500,1
194,1,81421,1.6,0,50,500,1
195,1,3862,1.6,0,50,500,1
196,1,3219,1.6,0,50,500,1
197,1,24190,1.6,0,50,500,1
198,1,20130,1.6,0,50,500,1
199,1,38904,1.6,0,50,500,1
200,1,9049,1.6,0,50,500,1
201,1,70887,1.6,0,50,500,1
202,1,22977,1.6,0,50,500,1
203,1,17929,1.6,0,50,500,1
204,1,5382,1.6,0,50,500,1
205,1,91566,1.6,0,50,500,1
206,1,28240,1.6,0,50,500,1
207,1,8241,1.6,0,50,500,1
208,1,45967,1.6,0,50,500,1
209,1,79442,1.6,0,50,500,1
210,1,44726,1.6,0,50,500,1
211,1,10621,1.6,0,50,500,1
212,1,51125,1.6,0,50,500,1
213,1,96902,1.6,0,50,500,1
214,1,25215,1.6,0,50,500,1
215,1,12910,1.6,0,50,500,1
216,1,91382,1.6,0,50,500,1
217,1,44166,1.6,0,50,500,1
218,1,73599,1.6,0,50,500,1
219,1,24181,1.6,0,50,500,1
220,1,70197,1.6,0,50,500,1
221,1,58604,1.6,0,50,500,1
222,1,89418,1.6,0,50,500,1
223,1,94511,1.6,0,50,500,1
224,1,39135,1.6,0,50,500,1
225,1,10682,1.6,0,50,500,1
226,1,86041,1.6,0,50,500,1
227,1,91675,1.6,0,50,500,1
228,1,14819,1.6,0,50,500,1
229,1,89897,1.6,0,50,500,1
230,1,48937,1.6,0,50,500,1
231,1,97148,1.6,0,50,500,1
232,1,24960,1.6,0,50,500,1
233,1,56210,1.6,0,50,500,1
234,1,268,1.6,0,50,500,1
235,1,47107,1.6,0,50,500,1
236,1,73461,1.6,0,50,500,1
237,1,36834,1.6,0,50,500,1
238,1,58761,1.6,0,50,500,1
239,1,32538,1.6,0,50,500,1
240,1,91716,1.6,0,50,500,1
241,1,50492,1.6,0,50,500,1
242,1,97073,1.6,0,50,500,1
243,1,95727,1.6,0,50,500,1
244,1,51358,1.6,0,50,500,1
245,1,59393,1.6,0,50,500,1
246,1,52755,1.6,0,50,500,1
247,1,14263,1.6,0,50,500,1
248,1,97037,1.6,0,50,500,1
249,1,87526,1.6,0,50,500,1
250,1,71639,1.6,0,50,500,1
251,1,55263,1.6,0,50,500,1
252,1,67978,1.6,0,50,500,1
253,1,50921,1.6,0,50,500,1
254,1,83086,1.6,0,50,500,1
255,1,2654,1.6,0,50,500,1
256,1,90167,1.6,0,50,500,1
257,1,7008,1.6,0,50,500,1
258,1,16034,1.6,0,50,500,1
259,1,42101,1.6,0,50,500,1
260,1,92309,1.6,0,50,500,1
261,1,27635,1.6,0,50,500,1
262,1,14600,1.6,0,50,500,1
263,1,16822,1.6,0,50,500,1
264,1,22100,1.6,0,50,500,1
265,1,36538,1.6,0,50,500,1
266,1,52723,1.6,0,50,500,1
267,1,65534,1.6,0,50,500,1
268,1,93705,1.6,0,50,500,1
269,1,36738,1.6,0,50,500,1
270,1,74165,1.6,0,50,500,1
271,1,55788,1.6,0,50,500,1
272,1,22862,1.6,0,50,500,1
273,1,23877,1.6,0,50,500,1
274,1,41041,1.6,0,50,500,1
275,1,95777,1.6,0,50,500,1
276,1,90481,1.6,0,50,500,1
277,1,46324,1.6,0,50,500,1
278,1,18722,1.6,0,50,500,1
279,1,23132,1.6,0,50,500,1
280,1,13697,1.6,0,50,500,1
281,1,21775,1.6,0,50,500,1
282,1,99421,1.6,0,50,500,1
283,1,2425,1.6,0,50,500,1
284,1,97009,1.6,0,50,500,1
285,1,74656,1.6,0,50,500,1
286,1,1202,1.6,0,50,500,1
287,1,70389,1.6,0,50,500,1
288,1,2958,1.6,0,50,500,1
289,1,21017,1.6,0,50,500,1
290,1,26393,1.6,0,50,500,1
291,1,49585,1.6,0,50,500,1
292,1,99999,1.6,0,50,500,1
293,1,17526,1.6,0,50,500,1
294,1,15172,1.6,0,50,500,1
295,1,79575,1.6,0,50,500,1
296,1,82190,1.6,0,50,500,1
297,1,35381,1.6,0,50,500,1
298,1,80626,1.6,0,50,500,1
299,1,12771,1.6,0,50,500,1
300,1,63791,1.6,0,50,500,1
301,1,73820,1.6,0,50,500,1
302,1,24578,1.6,0,50,500,1
303,1,24262,1.6,0,50,500,1
304,1,37530,1.6,0,50,500,1
305,1,90223,1.6,0,50,500,1
306,1,41655,1.6,0,50,500,1
307,1,63443,1.6,0,50,500,1
308,1,50660,1.6,0,50,500,1
309,1,24649,1.6,0,50,500,1
310,1,85522,1.6,0,50,500,1
311,1,77609,1.6,0,50,500,1
312,1,15670,1.6,0,50,500,1
313,1,31426,1.6,0,50,500,1
314,1,10937,1.6,0,50,500,1
315,1,79841,1.6,0,50,500,1
316,1,80340,1.6,0,50,500,1
317,1,38972,1.6,0,50,500,1
318,1,18415,1.6,0,50,500,1
319,1,5481,1.6,0,50,500,1
320,1,1130,1.6,0,50,500,1
321,1,81282,1.6,0,50,500,1
322,1,40266,1.6,0,50,500,1
323,1,92839,1.6,0,50,500,1
324,1,93986,1.6,0,50,500,1
325,1,63711,1.6,0,50,500,1
326,1,62274,1.6,0,50,500,1
327,1,37473,1.6,0,50,500,1
328,1,16525,1.6,0,50,500,1
329,1,60604,1.6,0,50,500,1
330,1,5529,1.6,0,50,500,1
331,1,30368,1.6,0,50,500,1
332,1,39659,1.6,0,50,500,1
333,1,70476,1.6,0,50,500,1
334,1,68406,1.6,0,50,500,1
335,1,65911,1.6,0,50,500,1
336,1,50496,1.6,0,50,500,1
337,1,41886,1.6,0,50,500,1
338,1,13247,1.6,0,50,500,1
339,1,21570,1.6,0,50,500,1
340,1,28254,1.6,0,50,500,1
341,1,29858,1.6,0,50,500,1
342,1,18449,1.6,0,50,500,1
343,1,88881,1.6,0,50,500,1
344,1,91391,1.6,0,50,500,1
345,1,76567,1.6,0,50,500,1
346,1,7201,1.6,0,50,500,1
347,1,28957,1.6,0,50,500,1
348,1,97970,1.6,0,50,500,1
349,1,52081,1.6,0,50,500,1
350,1,94413,1.6,0,50,500,1
351,1,39625,1.6,0,50,500,1
352,1,56113,1.6,0,50,500,1
353,1,32004,1.6,0,50,500,1
354,1,43807,1.6,0,50,500,1
355,1,30966,1.6,0,50,500,1
356,1,32336,1.6,0,50,500,1
357,1,46706,1.6,0,50,500,1
358,1,7429,1.6,0,50,500,1
359,1,66408,1.6,0,50,500,1
360,1,24075,1.6,0,50,500,1
361,1,62529,1.6,0,50,500,1
362,1,82793,1.6,0,50,500,1
363,1,28215,1.6,0,50,500,1
364,1,37392,1.6,0,50,500,1
365,1,55641,1.6,0,50,500,1
366,1,36721,1.6,0,50,500,1
367,1,62164,1.6,0,50,500,1
368,1,82450,1.6,0,50,500,1
369,1,98916,1.6,0,50,500,1
370,1,55406,1.6,0,50,500,1
371,1,96396,1.6,0,50,500,1
372,1,72638,1.6,0,50,500,1
373,1,59429,1.6,0,50,500,1
374,1,18196,1.6,0,50,500,1
375,1,74793,1.6,0,50,500,1
376,1,46337,1.6,0,50,500,1
377,1,70240,1.6,0,50,500,1
378,1,94773,1.6,0,50,500,1
379,1,47893,1.6,0,50,500,1
380,1,56184,1.6,0,50,500,1
381,1,20173,1.6,0,50,500,1
382,1,18647,1.6,0,50,500,1
383,1,33092,1.6,0,50,500,1
384,1,16241,1.6,0,50,500,1
385,1,96346,1.6,0,50,500,1
386,1,42087,1.6,0,50,500,1
387,1,26189,1.6,0,50,500,1
388,1,42836,1.6,0,50,500,1
389,1,55249,1.6,0,50,500,1
390,1,94957,1.6,0,50,500,1
391,1,44939,1.6,0,50,500,1
392,1,98673,1.6,0,50,500,1
393,1,37021,1.6,0,50,500,1
394,1,2166,1.6,0,50,500,1
395,1,31030,1.6,0,50,500,1
396,1,37234,1.6,0,50,500,1
397,1,81000,1.6,0,50,500,1
398,1,47289,1.6,0,50,500,1
399,1,38004,1.6,0,50,500,1
400,1,97366,1.6,0,50,500,1
401,1,20441,1.6,0,50,500,1
402,1,93086,1.6,0,50,500,1
403,1,6419,1.6,0,50,500,1
404,1,64070,1.6,0,50,500,1
405,1,38676,1.6,0,50,500,1
406,1,72413,1.6,0,50,500,1
407,1,96522,1.6,0,50,500,1
408,1,59093,1.6,0,50,500,1
409,1,20277,1.6,0,50,500,1
410,1,22683,1.6,0,50,500,1
411,1,97995,1.6,0,50,500,1
412,1,55011,1.6,0,50,500,1
413,1,18355,1.6,0,50,500,1
414,1,67190,1.6,0,50,500,1
415,1,65543,1.6,0,50,500,1
416,1,81653,1.6,0,50,500,1
417,1,83976,1.6,0,50,500,1
418,1,33436,1.6,0,50,500,1
419,1,88767,1.6,0,50,500,1
420,1,86887,1.6,0,50,500,1
421,1,12378,1.6,0,50,500,1
422,1,45099,1.6,0,50,500,1
423,1,58269,1.6,0,50,500,1
424,1,17457,1.6,0,50,500,1
425,1,36385,1.6,0,50,500,1
426,1,809,1.6,0,50,500,1
427,1,62800,1.6,0,50,500,1
428,1,13679,1.6,0,50,500,1
429,1,81583,1.6,0,50,500,1
430,1,54600,1.6,0,50,500,1
431,1,6586,1.6,0,50,500,1
432,1,1974,1.6,0,50,500,1
433,1,5568,1.6,0,50,500,1
434,1,15432,1.6,0,50,500,1
435,1,73297,1.6,0,50,500,1
436,1,36174,1.6,0,50,500,1
437,1,68113,1.6,0,50,500,1
438,1,61555,1.6,0,50,500,1
439,1,77895,1.6,0,50,500,1
440,1,93794,1.6,0,50,500,1
441,1,27509,1.6,0,50,500,1
442,1,71716,1.6,0,50,500,1
443,1,15373,1.6,0,50,500,1
444,1,43910,1.6,0,50,500,1
445,1,8465,1.6,0,50,500,1
446,1,41478,1.6,0,50,500,1
447,1,12915,1.6,0,50,500,1
448,1,94024,1.6,0,50,500,1
449,1,76261,1.6,0,50,500,1
450,1,3312,1.6,0,50,500,1
451,1,34199,1.6,0,50,500,1
452,1,4223,1.6,0,50,500,1
453,1,73588,1.6,0,50,500,1
454,1,20807,1.6,0,50,500,1
455,1,15720,1.6,0,50,500,1
456,1,55345,1.6,0,50,500,1
457,1,24982,1.6,0,50,500,1
458,1,12856,1.6,0,50,500,1
459,1,69105,1.6,0,50,500,1
460,1,3867,1.6,0,50,500,1
461,1,11970,1.6,0,50,500,1
462,1,24476,1.6,0,50,500,1
463,1,43939,1.6,0,50,500,1
464,1,62320,1.6,0,50,500,1
465,1,3268,1.6,0,50,500,1
466,1,98211,1.6,0,50,500,1
467,1,80726,1.6,0,50,500,1
468,1,95031,1.6,0,50,500,1
469,1,48294,1.6,0,50,500,1
470,1,28381,1.6,0,50,500,1
471,1,48025,1.6,0,50,500,1
472,1,36045,1.6,0,50,500,1
473,1,60588,1.6,0,50,500,1
474,1,96409,1.6,0,50,500,1
475,1,62717,1.6,0,50,500,1
476,1,76908,1.6,0,50,500,1
477,1,50955,1.6,0,50,500,1
478,1,1282,1.6,0,50,500,1
479,1,21777,1.6,0,50,500,1
480,1,34352,1.6,0,50,500,1
481,1,55273,1.6,0,50,500,1
482,1,9934,1.6,0,50,500,1
483,1,44852,1.6,0,50,500,1
484,1,63982,1.6,0,50,500,1
485,1,4201,1.6,0,50,500,1
486,1,77046,1.6,0,50,500,1
487,1,60329,1.6,0,50,500,1
488,1,44777,1.6,0,50,500,1
489,1,24760,1.6,0,50,500,1
490,1,71220,1.6,0,50,500,1
491,1,97011,1.6,0,50,500,1
492,1,43431,1.6,0,50,500,1
493,1,10393,1.6,0,50,500,1
494,1,3301,1.6,0,50,500,1
495,1,89934,1.6,0,50,500,1
496,1,43772,1.6,0,50,500,1
497,1,27058,1.6,0,50,500,1
498,1,92490,1.6,0,50,500,1
499,1,63625,1.6,0,50,500,1
500,1,72812,1.6,0,50,500,1
501,1,11460,1.6,0,50,500,1
502,1,42161,1.6,0,50,500,1
503,1,92170,1.6,0,50,500,1
504,1,85440,1.6,0,50,500,1
505,1,26993,1.6,0,50,500,1
506,1,17872,1.6,0,50,500,1
507,1,4102,1.6,0,50,500,1
508,1,11820,1.6,0,50,500,1
509,1,27943,1.6,0,50,500,1
510,1,31649,1.6,0,50,500,1
511,1,33764,1.6,0,50,500,1
512,1,15533,1.6,0,50,500,1
513,1,24635,1.6,0,50,500,1
514,1,72654,1.6,0,50,500,1
515,1,68965,1.6,0,50,500,1
516,1,79695,1.6,0,50,500,1
517,1,96095,1.6,0,50,500,1
518,1,30372,1.6,0,50,500,1
519,1,97356,1.6,0,50,500,1
520,1,78345,1.6,0,50,500,1
521,1,66554,1.6,0,50,500,1
522,1,10362,1.6,0,50,500,1
523,1,97376,1.6,0,50,500,1
524,1,56132,1.6,0,50,500,1
525,1,27167,1.6,0,50,500,1
526,1,6584,1.6,0,50,500,1
527,1,9330,1.6,0,50,500,1
528,1,23094,1.6,0,50,500,1
529,1,35019,1.6,0,50,500,1
530,1,22147,1.6,0,50,500,1
531,1,57116,1.6,0,50,500,1
532,1,67005,1.6,0,50,500,1
533,1,25879,1.6,0,50,500,1
534,1,52380,1.6,0,50,500,1
535,1,22812,1.6,0,50,500,1
536,1,45664,1.6,0,50,500,1
537,1,99585,1.6,0,50,500,1
538,1,73201,1.6,0,50,500,1
539,1,64043,1.6,0,50,500,1
540,1,23293,1.6,0,50,500,1
541,1,47020,1.6,0,50,500,1
542,1,82398,1.6,0,50,500,1
543,1,95643,1.6,0,50,500,1
544,1,22967,1.6,0,50,500,1
545,1,26379,1.6,0,50,500,1
546,1,2208,1.6,0,50,500,1
547,1,9563,1.6,0,50,500,1
548,1,63587,1.6,0,50,500,1
549,1,71400,1.6,0,50,500,1
550,1,79323,1.6,0,50,500,1
551,1,32131,1.6,0,50,500,1
552,1,60279,1.6,0,50,500,1
553,1,60423,1.6,0,50,500,1
554,1,49370,1.6,0,50,500,1
555,1,24991,1.6,0,50,500,1
556,1,21936,1.6,0,50,500,1
557,1,24566,1.6,0,50,500,1
558,1,40694,1.6,0,50,500,1
559,1,78093,1.6,0,50,500,1
560,1,99566,1.6,0,50,500,1
561,1,47132,1.6,0,50,500,1
562,1,11675,1.6,0,50,500,1
563,1,10189,1.6,0,50,500,1
564,1,17614,1.6,0,50,500,1
565,1,84331,1.6,0,50,500,1
566,1,44200,1.6,0,50,500,1
567,1,16602,1.6,0,50,500,1
568,1,19230,1.6,0,50,500,1
569,1,66106,1.6,0,50,500,1
570,1,72484,1.6,0,50,500,1
571,1,16461,1.6,0,50,500,1
572,1,14402,1.6,0,50,500,1
573,1,2130,1.6,0,50,500,1
574,1,89748,1.6,0,50,500,1
575,1,56066,1.6,0,50,500,1
576,1,91046,1.6,0,50,500,1
577,1,97780,1.6,0,50,500,1
578,1,95104,1.6,0,50,500,1
579,1,98788,1.6,0,50,500,1
580,1,91076,1.6,0,50,500,1
581,1,10048,1.6,0,50,500,1
582,1,31867,1.6,0,50,500,1
583,1,34452,1.6,0,50,500,1
584,1,41251,1.6,0,50,500,1
585,1,64385,1.6,0,50,500,1
586,1,950,1.6,0,50,500,1
587,1,60399,1.6,0,50,500,1
588,1,95773,1.6,0,50,500,1
589,1,34635,1.6,0,50,500,1
590,1,64121,1.6,0,50,500,1
591,1,27194,1.6,0,50,500,1
592,1,14392,1.6,0,50,500,1
593,1,42415,1.6,0,50,500,1
594,1,96992,1.6,0,50,500,1
595,1,72920,1.6,0,50,500,1
596,1,23030,1.6,0,50,500,1
597,1,71330,1.6,0,50,500,1
598,1,34049,1.6,0,50,500,1
599,1,5874,1.6,0,50,500,1
600,1,48635,1.6,0,50,500,1
601,1,49231,1.6,0,50,500,1
602,1,60548,1.6,0,50,500,1
603,1,96939,1.6,0,50,500,1
604,1,15655,1.6,0,50,500,1
605,1,53569,1.6,0,50,500,1
606,1,874,1.6,0,50,500,1
607,1,33417,1.6,0,50,500,1
608,1,76384,1.6,0,50,500,1
609,1,79904,1.6,0,50,500,1
610,1,67167,1.6,0,50,500,1
611,1,99313,1.6,0,50,500,1
612,1,41798,1.6,0,50,500,1
613,1,81247,1.6,0,50,500,1
614,1,72344,1.6,0,50,500,1
615,1,25589,1.6,0,50,500,1
616,1,4529,1.6,0,50,500,1
617,1,6252,1.6,0,50,500,1
618,1,55627,1.6,0,50,500,1
619,1,84116,1.6,0,50,500,1
620,1,88882,1.6,0,50,500,1
621,1,25177,1.6,0,50,500,1
622,1,33392,1.6,0,50,500,1
623,1,62009,1.6,0,50,500,1
624,1,49327,1.6,0,50,500,1
625,1,29731,1.6,0,50,500,1
626,1,93136,1.6,0,50,500,1
627,1,51940,1.6,0,50,500,1
628,1,30188,1.6,0,50,500,1
629,1,3311,1.6,0,50,500,1
630,1,24647,1.6,0,50,500,1
631,1,95211,1.6,0,50,500,1
632,1,85705,1.6,0,50,500,1
633,1,37063,1.6,0,50,500,1
634,1,89092,1.6,0,50,500,1
635,1,68166,1.6,0,50,500,1
636,1,384,1.6,0,50,500,1
637,1,64712,1.6,0,50,500,1
638,1,72232,1.6,0,50,500,1
639,1,86414,1.6,0,50,500,1
640,1,72330,1.6,0,50,500,1
641,1,97629,1.6,0,50,500,1
642,1,879,1.6,0,50,500,1
643,1,85545,1.6,0,50,500,1
644,1,19545,1.6,0,50,500,1
645,1,9907,1.6,0,50,500,1
646,1,38975,1.6,0,50,500,1
647,1,20462,1.6,0,50,500,1
648,1,87421,1.6,0,50,500,1
649,1,84249,1.6,0,50,500,1
650,1,52262,1.6,0,50,500,1
651,1,1681,1.6,0,50,500,1
652,1,42604,1.6,0,50,500,1
653,1,77334,1.6,0,50,500,1
654,1,45218,1.6,0,50,500,1
655,1,18640,1.6,0,50,500,1
656,1,2472,1.6,0,50,500,1
657,1,80672,1.6,0,50,500,1
658,1,66749,1.6,0,50,500,1
659,1,62344,1.6,0,50,500,1
660,1,42152,1.6,0,50,500,1
661,1,65896,1.6,0,50,500,1
662,1,50282,1.6,0,50,500,1
663,1,42130,1.6,0,50,500,1
664,1,35870,1.6,0,50,500,1
665,1,61672,1.6,0,50,500,1
666,1,56447,1.6,0,50,500,1
667,1,91247,1.6,0,50,500,1
668,1,50969,1.6,0,50,500,1
669,1,85652,1.6,0,50,500,1
670,1,6540,1.6,0,50,500,1
671,1,91728,1.6,0,50,500,1
672,1,27751,1.6,0,50,500,1
673,1,89676,1.6,0,50,500,1
674,1,14119,1.6,0,50,500,1
675,1,1779,1.6,0,50,500,1
676,1,46515,1.6,0,50,500,1
677,1,85249,1.6,0,50,500,1
678,1,22544,1.6,0,50,500,1
679,1,11022,1.6,0,50,500,1
680,1,55626,1.6,0,50,500,1
681,1,72448,1.6,0,50,500,1
682,1,95431,1.6,0,50,500,1
683,1,21800,1.6,0,50,500,1
684,1,84732,1.6,0,50,500,1
685,1,48298,1.6,0,50,500,1
686,1,58341,1.6,0,50,500,1
687,1,25047,1.6,0,50,500,1
688,1,51400,1.6,0,50,500,1
689,1,77025,1.6,0,50,500,1
690,1,61209,1.6,0,50,500,1
691,1,37920,1.6,0,50,500,1
692,1,3250,1.6,0,50,500,1
693,1,92298,1.6,0,50,500,1
694,1,63996,1.6,0,50,500,1
695,1,5978,1.6,0,50,500,1
696,1,43273,1.6,0,50,500,1
697,1,6944,1.6,0,50,500,1
698,1,9207,1.6,0,50,500,1
699,1,78251,1.6,0,50,500,1
700,1,75835,1.6,0,50,500,1
701,1,37957,1.6,0,50,500,1
702,1,30709,1.6,0,50,500,1
703,1,52715,1.6,0,50,500,1
704,1,57704,1.6,0,50,500,1
705,1,94014,1.6,0,50,500,1
706,1,79825,1.6,0,50,500,1
707,1,1969,1.6,0,50,500,1
708,1,9795,1.6,0,50,500,1
709,1,31422,1.6,0,50,500,1
710,1,64212,1.6,0,50,500,1
711,1,96101,1.6,0,50,500,1
712,1,44740,1.6,0,50,500,1
713,1,82129,1.6,0,50,500,1
714,1,33696,1.6,0,50,500,1
715,1,49927,1.6,0,50,500,1
716,1,10830,1.6,0,50,500,1
717,1,79137,1.6,0,50,500,1
718,1,59311,1.6,0,50,500,1
719,1,80815,1.6,0,50,500,1
720,1,41763,1.6,0,50,500,1
721,1,36949,1.6,0,50,500,1
722,1,28822,1.6,0,50,500,1
723,1,36430,1.6,0,50,500,1
724,1,99027,1.6,0,50,500,1
725,1,73735,1.6,0,50,500,1
726,1,24793,1.6,0,50,500,1
727,1,2088,1.6,0,50,500,1
728,1,38707,1.6,0,50,500,1
729,1,79652,1.6,0,50,500,1
730,1,98827,1.6,0,50,500,1
731,1,31215,1.6,0,50,500,1
732,1,12525,1.6,0,50,500,1
733,1,83578,1.6,0,50,500,1
734,1,38964,1.6,0,50,500,1
735,1,7530,1.6,0,50,500,1
736,1,86467,1.6,0,50,500,1
737,1,99748,1.6,0,50,500,1
738,1,72233,1.6,0,50,500,1
739,1,58285,1.6,0,50,500,1
740,1,88395,1.6,0,50,500,1
741,1,31204,1.6,0,50,500,1
742,1,68932,1.6,0,50,500,1
743,1,4446,1.6,0,50,500,1
744,1,14117,1.6,0,50,500,1
745,1,43882,1.6,0,50,500,1
746,1,99184,1.6,0,50,500,1
747,1,18146,1.6,0,50,500,1
748,1,6853,1.6,0,50,500,1
749,1,46567,1.6,0,50,500,1
750,1,96102,1.6,0,50,500,1
751,1,6353,1.6,0,50,500,1
752,1,72914,1.6,0,50,500,1
753,1,87778,1.6,0,50,500,1
754,1,64653,1.6,0,50,500,1
755,1,40048,1.6,0,50,500,1
756,1,2901,1.6,0,50,500,1
757,1,3204,1.6,0,50,500,1
758,1,23007,1.6,0,50,500,1
759,1,7757,1.6,0,50,500,1
760,1,30106,1.6,0,50,500,1
761,1,28974,1.6,0,50,500,1
762,1,60684,1.6,0,50,500,1
763,1,4140,1.6,0,50,500,1
764,1,11393,1.6,0,50,500,1
765,1,84004,1.6,0,50,500,1
766,1,81719,1.6,0,50,500,1
767,1,93992,1.6,0,50,500,1
768,1,45847,1.6,0,50,500,1
769,1,8666,1.6,0,50,500,1
770,1,86163,1.6,0,50,500,1
771,1,29288,1.6,0,50,500,1
772,1,64962,1.6,0,50,500,1
773,1,50411,1.6,0,50,500,1
774,1,99340,1.6,0,50,500,1
775,1,47348,1.6,0,50,500,1
776,1,2509,1.6,0,50,500,1
777,1,34733,1.6,0,50,500,1
778,1,3103,1.6,0,50,500,1
779,1,41631,1.6,0,50,500,1
780,1,432,1.6,0,50,500,1
781,1,16703,1.6,0,50,500,1
782,1,71286,1.6,0,50,500,1
783,1,76095,1.6,0,50,500,1
784,1,51388,1.6,0,50,500,1
785,1,65573,1.6,0,50,500,1
786,1,21122,1.6,0,50,500,1
787,1,88681,1.6,0,50,500,1
788,1,61807,1.6,0,50,500,1
789,1,77704,1.6,0,50,500,1
790,1,56120,1.6,0,50,500,1
791,1,66421,1.6,0,50,500,1
792,1,47493,1.6,0,50,500,1
793,1,10544,1.6,0,50,500,1
794,1,62616,1.6,0,50,500,1
795,1,48156,1.6,0,50,500,1
796,1,78358,1.6,0,50,500,1
797,1,51323,1.6,0,50,500,1
798,1,16650,1.6,0,50,500,1
799,1,89216,1.6,0,50,500,1
800,1,86297,1.6,0,50,500,1
801,1,37305,1.6,0,50,500,1
802,1,25596,1.6,0,50,500,1
803,1,65247,1.6,0,50,500,1
804,1,13197,1.6,0,50,500,1
805,1,42147,1.6,0,50,500,1
806,1,71365,1.6,0,50,500,1
807,1,25808,1.6,0,50,500,1
808,1,85854,1.6,0,50,500,1
809,1,33267,1.6,0,50,500,1
810,1,53182,1.6,0,50,500,1
811,1,80118,1.6,0,50,500,1
812,1,50897,1.6,0,50,500,1
813,1,28835,1.6,0,50,500,1
814,1,29556,1.6,0,50,500,1
815,1,8364,1.6,0,50,500,1
816,1,41415,1.6,0,50,500,1
817,1,55670,1.6,0,50,500,1
818,1,78794,1.6,0,50,500,1
819,1,42824,1.6,0,50,500,1
820,1,49162,1.6,0,50,500,1
821,1,81930,1.6,0,50,500,1
822,1,13539,1.6,0,50,500,1
823,1,93101,1.6,0,50,500,1
824,1,77317,1.6,0,50,500,1
825,1,83602,1.6,0,50,500,1
826,1,96715,1.6,0,50,500,1
827,1,21067,1.6,0,50,500,1
828,1,88829,1.6,0,50,500,1
829,1,15263,1.6,0,50,500,1
830,1,818,1.6,0,50,500,1
831,1,94945,1.6,0,50,500,1
832,1,72781,1.6,0,50,500,1
833,1,46789,1.6,0,50,500,1
834,1,17227,1.6,0,50,500,1
835,1,66427,1.6,0,50,500,1
836,1,2757,1.6,0,50,500,1
837,1,39931,1.6,0,50,500,1
838,1,30410,1.6,0,50,500,1
839,1,22768,1.6,0,50,500,1
840,1,70773,1.6,0,50,500,1
841,1,7346,1.6,0,50,500,1
842,1,83001,1.6,0,50,500,1
843,1,37706,1.6,0,50,500,1
844,1,66134,1.6,0,50,500,1
845,1,12377,1.6,0,50,500,1
846,1,10534,1.6,0,50,500,1
847,1,82938,1.6,0,50,500,1
848,1,93876,1.6,0,50,500,1
849,1,84195,1.6,0,50,500,1
850,1,24456,1.6,0,50,500,1
851,1,24398,1.6,0,50,500,1
852,1,81222,1.6,0,50,500,1
853,1,1543,1.6,0,50,500,1
854,1,61902,1.6,0,50,500,1
855,1,88463,1.6,0,50,500,1
856,1,11125,1.6,0,50,500,1
857,1,76757,1.6,0,50,500,1
858,1,86963,1.6,0,50,500,1
859,1,19868,1.6,0,50,500,1
860,1,15666,1.6,0,50,500,1
861,1,75873,1.6,0,50,500,1
862,1,710,1.6,0,50,500,1
863,1,2827,1.6,0,50,500,1
864,1,61003,1.6,0,50,500,1
865,1,11163,1.6,0,50,500,1
866,1,9508,1.6,0,50,500,1
867,1,53406,1.6,0,50,500,1
868,1,13064,1.6,0,50,500,1
869,1,63696,1.6,0,50,500,1
870,1,25286,1.6,0,50,500,1
871,1,64551,1.6,0,50,500,1
872,1,54942,1.6,0,50,500,1
873,1,65127,1.6,0,50,500,1
874,1,5985,1.6,0,50,500,1
875,1,68029,1.6,0,50,500,1
876,1,98438,1.6,0,50,500,1
877,1,43787,1.6,0,50,500,1
878,1,64822,1.6,0,50,500,1
879,1,67727,1.6,0,50,500,1
880,1,10866,1.6,0,50,500,1
881,1,66512,1.6,0,50,500,1
882,1,68062,1.6,0,50,500,1
883,1,61433,1.6,0,50,500,1
884,1,42261,1.6,0,50,500,1
885,1,90954,1.6,0,50,500,1
886,1,26527,1.6,0,50,500,1
887,1,67696,1.6,0,50,500,1
888,1,6638,1.6,0,50,500,1
889,1,87796,1.6,0,50,500,1
890,1,46242,1.6,0,50,500,1
891,1,59668,1.6,0,50,500,1
892,1,19055,1.6,0,50,500,1
893,1,22262,1.6,0,50,500,1
894,1,63792,1.6,0,50,500,1
895,1,14832,1.6,0,50,500,1
896,1,14064,1.6,0,50,500,1
897,1,95269,1.6,0,50,500,1
898,1,90758,1.6,0,50,500,1
899,1,39771,1.6,0,50,500,1
900,1,24929,1.6,0,50,500,1
901,1,96692,1.6,0,50,500,1
902,1,88287,1.6,0,50,500,1
903,1,71857,1.6,0,50,500,1
904,1,35121,1.6,0,50,500,1
905,1,81923,1.6,0,50,500,1
906,1,27489,1.6,0,50,500,1
907,1,97500,1.6,0,50,500,1
908,1,20578,1.6,0,50,500,1
909,1,39691,1.6,0,50,500,1
910,1,74326,1.6,0,50,500,1
911,1,18397,1.6,0,50,500,1
912,1,12179,1.6,0,50,500,1
913,1,50618,1.6,0,50,500,1
914,1,47447,1.6,0,50,500,1
915,1,27922,1.6,0,50,500,1
916,1,54081,1.6,0,50,500,1
917,1,86466,1.6,0,50,500,1
918,1,95894,1.6,0,50,500,1
919,1,74639,1.6,0,50,500,1
920,1,8966,1.6,0,50,500,1
921,1,77991,1.6,0,50,500,1
922,1,4053,1.6,0,50,500,1
923,1,39246,1.6,0,50,500,1
924,1,91715,1.6,0,50,500,1
925,1,32765,1.6,0,50,500,1
926,1,87977,1.6,0,50,500,1
927,1,68748,1.6,0,50,500,1
928,1,20287,1.6,0,50,500,1
929,1,91682,1.6,0,50,500,1
930,1,72409,1.6,0,50,500,1
931,1,66646,1.6,0,50,500,1
932,1,91847,1.6,0,50,500,1
933,1,48337,1.6,0,50,500,1
934,1,69453,1.6,0,50,500,1
935,1,12842,1.6,0,50,500,1
936,1,45776,1.6,0,50,500,1
937,1,13260,1.6,0,50,500,1
938,1,29474,1.6,0,50,500,1
939,1,32152,1.6,0,50,500,1
940,1,99826,1.6,0,50,500,1
941,1,72651,1.6,0,50,500,1
942,1,18635,1.6,0,50,500,1
943,1,92748,1.6,0,50,500,1
944,1,28065,1.6,0,50,500,1
945,1,58501,1.6,0,50,500,1
946,1,79379,1.6,0,50,500,1
947,1,74456,1.6,0,50,500,1
948,1,99879,1.6,0,50,500,1
949,1,61846,1.6,0,50,500,1
950,1,11652,1.6,0,50,500,1
951,1,10641,1.6,0,50,500,1
952,1,990,1.6,0,50,500,1
953,1,60882,1.6,0,50,500,1
954,1,60848,1.6,0,50,500,1
955,1,82804,1.6,0,50,500,1
956,1,74778,1.6,0,50,500,1
957,1,56283,1.6,0,50,500,1
958,1,55703,1.6,0,50,500,1
959,1,89409,1.6,0,50,500,1
960,1,75823,1.6,0,50,500,1
961,1,65855,1.6,0,50,500,1
962,1,70020,1.6,0,50,500,1
963,1,99929,1.6,0,50,500,1
964,1,36459,1.6,0,50,500,1
965,1,69759,1.6,0,50,500,1
966,1,74124,1.6,0,50,500,1
967,1,26016,1.6,0,50,500,1
968,1,50847,1.6,0,50,500,1
969,1,99801,1.6,0,50,500,1
970,1,86280,1.6,0,50,500,1
971,1,18226,1.6,0,50,500,1
972,1,7287,1.6,0,50,500,1
973,1,22565,1.6,0,50,500,1
974,1,92726,1.6,0,50,500,1
975,1,10995,1.6,0,50,500,1
976,1,51763,1.6,0,50,500,1
977,1,45762,1.6,0,50,500,1
978,1,36978,1.6,0,50,500,1
979,1,88554,1.6,0,50,500,1
980,1,62019,1.6,0,50,500,1
981,1,30510,1.6,0,50,500,1
982,1,62372,1.6,0,50,500,1
983,1,93518,1.6,0,50,500,1
984,1,95700,1.6,0,50,500,1
985,1,938,1.6,0,50,500,1
986,1,3196,1.6,0,50,500,1
987,1,4092,1.6,0,50,500,1
988,1,22551,1.6,0,50,500,1
989,1,51887,1.6,0,50,500,1
990,1,88850,1.6,0,50,500,1
991,1,13714,1.6,0,50,500,1
992,1,90093,1.6,0,50,500,1
993,1,38543,1.6,0,50,500,1
994,1,48019,1.6,0,50,500,1
995,1,83757,1.6,0,50,500,1
996,1,3066,1.6,0,50,500,1
997,1,45331,1.6,0,50,500,1
998,1,36650,1.6,0,50,500,1
999,1,2295,1.6,0,50,500,1
1000,1,45746,1.6,0,50,500,1
1001,1,31034,1.6,0,50,500,1
1002,1,94263,1.6,0,50,500,1
1003,1,65144,1.6,0,50,500,1
1004,1,57171,1.6,0,50,500,1
1005,1,26975,1.6,0,50,500,1
1006,1,7924,1.6,0,50,500,1
1007,1,74831,1.6,0,50,500,1
1008,1,72209,1.6,0,50,500,1
1009,1,4685,1.6,0,50,500,1
1010,1,35328,1.6,0,50,500,1
1011,1,62211,1.6,0,50,500,1
1012,1,27356,1.6,0,50,500,1
1013,1,53312,1.6,0,50,500,1
1014,1,29252,1.6,0,50,500,1
1015,1,29433,1.6,0,50,500,1
1016,1,87138,1.6,0,50,500,1
1017,1,49786,1.6,0,50,500,1
1018,1,13801,1.6,0,50,500,1
1019,1,56903,1.6,0,50,500,1
1020,1,70726,1.6,0,50,500,1
1021,1,22051,1.6,0,50,500,1
1022,1,50696,1.6,0,50,500,1
1023,1,69710,1.6,0,50,500,1
1024,1,30832,1.6,0,50,500,1
1025,1,15466,1.6,0,50,500,1
1026,1,32824,1.6,0,50,500,1
1027,1,73325,1.6,0,50,500,1
1028,1,74283,1.6,0,50,500,1
1029,1,93150,1.6,0,50,500,1
1030,1,51619,1.6,0,50,500,1
1031,1,38738,1.6,0,50,500,1
1032,1,20255,1.6,0,50,500,1
1033,1,95993,1.6,0,50,500,1
1034,1,49820,1.6,0,50,500,1
1035,1,47274,1.6,0,50,500,1
1036,1,943,1.6,0,50,500,1
1037,1,53703,1.6,0,50,500,1
1038,1,53503,1.6,0,50,500,1
1039,1,12804,1.6,0,50,500,1
1040,1,35245,1.6,0,50,500,1
1041,1,32629,1.6,0,50,500,1
1042,1,95171,1.6,0,50,500,1
1043,1,108,1.6,0,50,500,1
1044,1,24176,1.6,0,50,500,1
1045,1,33559,1.6,0,50,500,1
1046,1,86810,1.6,0,50,500,1
1047,1,17036,1.6,0,50,500,1
1048,1,7571,1.6,0,50,500,1
1049,1,16158,1.6,0,50,500,1
1050,1,89268,1.6,0,50,500,1
1051,1,55079,1.6,0,50,500,1
1052,1,79079,1.6,0,50,500,1
1053,1,44632,1.6,0,50,500,1
1054,1,86136,1.6,0,50,500,1
1055,1,66177,1.6,0,50,500,1
1056,1,47078,1.6,0,50,500,1
1057,1,1197,1.6,0,50,500,1
1058,1,96218,1.6,0,50,500,1
1059,1,79403,1.6,0,50,500,1
1060,1,12405,1.6,0,50,500,1
1061,1,52978,1.6,0,50,500,1
1062,1,96673,1.6,0,50,500,1
1063,1,11852,1.6,0,50,500,1
1064,1,968,1.6,0,50,500,1
1065,1,70164,1.6,0,50,500,1
1066,1,43054,1.6,0,50,500,1
1067,1,2269,1.6,0,50,500,1
1068,1,48354,1.6,0,50,500,1
1069,1,22754,1.6,0,50,500,1
1070,1,90614,1.6,0,50,500,1
1071,1,24013,1.6,0,50,500,1
1072,1,60456,1.6,0,50,500,1
1073,1,47445,1.6,0,50,500,1
1074,1,22302,1.6,0,50,500,1
1075,1,49698,1.6,0,50,500,1
1076,1,58078,1.6,0,50,500,1
1077,1,28630,1.6,0,50,500,1
1078,1,90850,1.6,0,50,500,1
1079,1,4995,1.6,0,50,500,1
1080,1,76922,1.6,0,50,500,1
1081,1,9007,1.6,0,50,500,1
1082,1,32480,1.6,0,50,500,1
1083,1,99289,1.6,0,50,500,1
1084,1,20226,1.6,0,50,500,1
1085,1,84177,1.6,0,50,500,1
1086,1,99219,1.6,0,50,500,1
1087,1,49774,1.6,0,50,500,1
1088,1,53311,1.6,0,50,500,1
1089,1,22136,1.6,0,50,500,1
1090,1,5256,1.6,0,50,500,1
1091,1,29743,1.6,0,50,500,1
1092,1,32393,1.6,0,50,500,1
1093,1,38010,1.6,0,50,500,1
1094,1,72571,1.6,0,50,500,1
1095,1,24300,1.6,0,50,500,1
1096,1,50956,1.6,0,50,500,1
1097,1,23420,1.6,0,50,500,1
1098,1,18624,1.6,0,50,500,1
1099,1,69445,1.6,0,50,500,1
1100,1,58132,1.6,0,50,500,1
1101,1,83352,1.6,0,50,500,1
1102,1,49805,1.6,0,50,500,1
1103,1,89808,1.6,0,50,500,1
1104,1,38730,1.6,0,50,500,1
1105,1,21296,1.6,0,50,500,1
1106,1,35340,1.6,0,50,500,1
1107,1,11026,1.6,0,50,500,1
1108,1,32110,1.6,0,50,500,1
1109,1,17615,1.6,0,50,500,1
1110,1,41949,1.6,0,50,500,1
1111,1,33423,1.6,0,50,500,1
1112,1,22362,1.6,0,50,500,1
1113,1,70301,1.6,0,50,500,1
1114,1,22401,1.6,0,50,500,1
1115,1,40858,1.6,0,50,500,1
1116,1,64615,1.6,0,50,500,1
1117,1,8885,1.6,0,50,500,1
1118,1,32052,1.6,0,50,500,1
1119,1,24202,1.6,0,50,500,1
1120,1,69033,1.6,0,50,500,1
1121,1,72748,1.6,0,50,500,1
1122,1,32210,1.6,0,50,500,1
1123,1,95301,1.6,0,50,500,1
1124,1,84631,1.6,0,50,500,1
1125,1,33385,1.6,0,50,500,1
1126,1,32197,1.6,0,50,500,1
1127,1,19599,1.6,0,50,500,1
1128,1,64078,1.6,0,50,500,1
1129,1,40538,1.6,0,50,500,1
1130,1,3522,1.6,0,50,500,1
1131,1,91241,1.6,0,50,500,1
1132,1,73861,1.6,0,50,500,1
1133,1,36610,1.6,0,50,500,1
1134,1,38336,1.6,0,50,500,1
1135,1,46867,1.6,0,50,500,1
1136,1,57926,1.6,0,50,500,1
1137,1,13,1.6,0,50,500,1
1138,1,71802,1.6,0,50,500,1
1139,1,54538,1.6,0,50,500,1
1140,1,85762,1.6,0,50,500,1
1141,1,14397,1.6,0,50,500,1
1142,1,71355,1.6,0,50,500,1
1143,1,27387,1.6,0,50,500,1
1144,1,40705,1.6,0,50,500,1
1145,1,49575,1.6,0,50,500,1
1146,1,83266,1.6,0,50,500,1
1147,1,13035,1.6,0,50,500,1
1148,1,12332,1.6,0,50,500,1
1149,1,54903,1.6,0,50,500,1
1150,1,15928,1.6,0,50,500,1
1151,1,28755,1.6,0,50,500,1
1152,1,26638,1.6,0,50,500,1
1153,1,30085,1.6,0,50,500,1
1154,1,74998,1.6,0,50,500,1
1155,1,47238,1.6,0,50,500,1
1156,1,11302,1.6,0,50,500,1
1157,1,83673,1.6,0,50,500,1
1158,1,19704,1.6,0,50,500,1
1159,1,6135,1.6,0,50,500,1
1160,1,58291,1.6,0,50,500,1
1161,1,9038,1.6,0,50,500,1
1162,1,55036,1.6,0,50,500,1
1163,1,93485,1.6,0,50,500,1
1164,1,54615,1.6,0,50,500,1
1165,1,30698,1.6,0,50,500,1
1166,1,95636,1.6,0,50,500,1
1167,1,30181,1.6,0,50,500,1
1168,1,29444,1.6,0,50,500,1
1169,1,53132,1.6,0,50,500,1
1170,1,99767,1.6,0,50,500,1
1171,1,43127,1.6,0,50,500,1
1172,1,2490,1.6,0,50,500,1
1173,1,75884,1.6,0,50,500,1
1174,1,46126,1.6,0,50,500,1
1175,1,53987,1.6,0,50,500,1
1176,1,78256,1.6,0,50,500,1
1177,1,17820,1.6,0,50,500,1
1178,1,93761,1.6,0,50,500,1
1179,1,51943,1.6,0,50,500,1
1180,1,58336,1.6,0,50,500,1
1181,1,5824,1.6,0,50,500,1
1182,1,57854,1.6,0,50,500,1
1183,1,7583,1.6,0,50,500,1
1184,1,75047,1.6,0,50,500,1
1185,1,34037,1.6,0,50,500,1
1186,1,69309,1.6,0,50,500,1
1187,1,91513,1.6,0,50,500,1
1188,1,52456,1.6,0,50,500,1
1189,1,48870,1.6,0,50,500,1
1190,1,18093,1.6,0,50,500,1
1191,1,72304,1.6,0,50,500,1
1192,1,41344,1.6,0,50,500,1
1193,1,32732,1.6,0,50,500,1
1194,1,54463,1.6,0,50,500,1
1246,1,94969,1.6,0,50,500,1
1195,1,68862,1.6,0,50,500,1
1196,1,4692,1.6,0,50,500,1
1197,1,70354,1.6,0,50,500,1
1198,1,32715,1.6,0,50,500,1
1199,1,43982,1.6,0,50,500,1
1200,1,87956,1.6,0,50,500,1
1201,1,49292,1.6,0,50,500,1
1202,1,11559,1.6,0,50,500,1
1203,1,95416,1.6,0,50,500,1
1204,1,61989,1.6,0,50,500,1
1205,1,74161,1.6,0,50,500,1
1206,1,14891,1.6,0,50,500,1
1207,1,51851,1.6,0,50,500,1
1208,1,95053,1.6,0,50,500,1
1209,1,60894,1.6,0,50,500,1
1210,1,3876,1.6,0,50,500,1
1211,1,57498,1.6,0,50,500,1
1212,1,20113,1.6,0,50,500,1
1213,1,9377,1.6,0,50,500,1
1214,1,66757,1.6,0,50,500,1
1215,1,93084,1.6,0,50,500,1
1216,1,69339,1.6,0,50,500,1
1217,1,50681,1.6,0,50,500,1
1218,1,37813,1.6,0,50,500,1
1219,1,17863,1.6,0,50,500,1
1220,1,87786,1.6,0,50,500,1
1221,1,6377,1.6,0,50,500,1
1222,1,64648,1.6,0,50,500,1
1223,1,14224,1.6,0,50,500,1
1224,1,46939,1.6,0,50,500,1
1225,1,39905,1.6,0,50,500,1
1226,1,24734,1.6,0,50,500,1
1227,1,96356,1.6,0,50,500,1
1228,1,60213,1.6,0,50,500,1
1229,1,8185,1.6,0,50,500,1
1230,1,74918,1.6,0,50,500,1
1231,1,77687,1.6,0,50,500,1
1232,1,81195,1.6,0,50,500,1
1233,1,39552,1.6,0,50,500,1
1234,1,28628,1.6,0,50,500,1
1235,1,74142,1.6,0,50,500,1
1236,1,84014,1.6,0,50,500,1
1237,1,944,1.6,0,50,500,1
1238,1,48417,1.6,0,50,500,1
1239,1,74820,1.6,0,50,500,1
1240,1,92239,1.6,0,50,500,1
1241,1,10788,1.6,0,50,500,1
1242,1,97920,1.6,0,50,500,1
1243,1,39508,1.6,0,50,500,1
1244,1,98978,1.6,0,50,500,1
1245,1,71962,1.6,0,50,500,1
1247,1,90006,1.6,0,50,500,1
1248,1,49184,1.6,0,50,500,1
1249,1,75261,1.6,0,50,500,1
1250,1,79249,1.6,0,50,500,1
1251,1,15855,1.6,0,50,500,1
1252,1,38841,1.6,0,50,500,1
1253,1,35865,1.6,0,50,500,1
1254,1,26140,1.6,0,50,500,1
1255,1,80053,1.6,0,50,500,1
1256,1,97088,1.6,0,50,500,1
1257,1,5564,1.6,0,50,500,1
1258,1,2287,1.6,0,50,500,1
1259,1,9130,1.6,0,50,500,1
1260,1,61309,1.6,0,50,500,1
1261,1,92332,1.6,0,50,500,1
1262,1,97434,1.6,0,50,500,1
1263,1,38630,1.6,0,50,500,1
1264,1,82966,1.6,0,50,500,1
1265,1,64249,1.6,0,50,500,1
1266,1,64084,1.6,0,50,500,1
1267,1,58728,1.6,0,50,500,1
1268,1,91946,1.6,0,50,500,1
1269,1,93963,1.6,0,50,500,1
1270,1,78133,1.6,0,50,500,1
1271,1,79377,1.6,0,50,500,1
1272,1,94338,1.6,0,50,500,1
1273,1,28497,1.6,0,50,500,1
1274,1,94580,1.6,0,50,500,1
1275,1,90359,1.6,0,50,500,1
1276,1,94530,1.6,0,50,500,1
1277,1,20184,1.6,0,50,500,1
1278,1,70029,1.6,0,50,500,1
1279,1,76326,1.6,0,50,500,1
1280,1,44072,1.6,0,50,500,1
1281,1,30260,1.6,0,50,500,1
1282,1,31856,1.6,0,50,500,1
1283,1,40779,1.6,0,50,500,1
1284,1,67447,1.6,0,50,500,1
1285,1,59567,1.6,0,50,500,1
1286,1,82500,1.6,0,50,500,1
1287,1,36162,1.6,0,50,500,1
1288,1,21470,1.6,0,50,500,1
1289,1,63806,1.6,0,50,500,1
1290,1,12219,1.6,0,50,500,1
1291,1,32049,1.6,0,50,500,1
1292,1,95194,1.6,0,50,500,1
1293,1,49622,1.6,0,50,500,1
1294,1,15561,1.6,0,50,500,1
1295,1,70217,1.6,0,50,500,1
1296,1,51442,1.6,0,50,500,1
1297,1,62070,1.6,0,50,500,1
1298,1,6541,1.6,0,50,500,1
1299,1,84133,1.6,0,50,500,1
1300,1,64927,1.6,0,50,500,1
1301,1,56519,1.6,0,50,500,1
1302,1,28123,1.6,0,50,500,1
1303,1,57609,1.6,0,50,500,1
1304,1,79024,1.6,0,50,500,1
1305,1,65251,1.6,0,50,500,1
1306,1,14594,1.6,0,50,500,1
1307,1,45453,1.6,0,50,500,1
1308,1,73192,1.6,0,50,500,1
1309,1,85771,1.6,0,50,500,1
1310,1,99023,1.6,0,50,500,1
1311,1,95511,1.6,0,50,500,1
1312,1,43560,1.6,0,50,500,1
1313,1,59742,1.6,0,50,500,1
1314,1,49452,1.6,0,50,500,1
1315,1,6688,1.6,0,50,500,1
1316,1,63062,1.6,0,50,500,1
1317,1,7016,1.6,0,50,500,1
1318,1,36212,1.6,0,50,500,1
1319,1,80838,1.6,0,50,500,1
1320,1,87765,1.6,0,50,500,1
1321,1,8753,1.6,0,50,500,1
1322,1,87003,1.6,0,50,500,1
1323,1,95695,1.6,0,50,500,1
1324,1,51173,1.6,0,50,500,1
1325,1,94707,1.6,0,50,500,1
1326,1,1972,1.6,0,50,500,1
1327,1,32290,1.6,0,50,500,1
1328,1,78169,1.6,0,50,500,1
1329,1,38188,1.6,0,50,500,1
1330,1,80344,1.6,0,50,500,1
1331,1,75056,1.6,0,50,500,1
1332,1,48496,1.6,0,50,500,1
1333,1,30310,1.6,0,50,500,1
1334,1,77060,1.6,0,50,500,1
1335,1,854,1.6,0,50,500,1
1336,1,80011,1.6,0,50,500,1
1337,1,10859,1.6,0,50,500,1
1338,1,59375,1.6,0,50,500,1
1339,1,84526,1.6,0,50,500,1
1340,1,20658,1.6,0,50,500,1
1341,1,13276,1.6,0,50,500,1
1342,1,79557,1.6,0,50,500,1
1343,1,19390,1.6,0,50,500,1
1344,1,8135,1.6,0,50,500,1
1345,1,98036,1.6,0,50,500,1
1346,1,66121,1.6,0,50,500,1
1347,1,63117,1.6,0,50,500,1
1348,1,31115,1.6,0,50,500,1
1349,1,19629,1.6,0,50,500,1
1350,1,86651,1.6,0,50,500,1
1351,1,28833,1.6,0,50,500,1
1352,1,99353,1.6,0,50,500,1
1353,1,8741,1.6,0,50,500,1
1354,1,7408,1.6,0,50,500,1
1355,1,59500,1.6,0,50,500,1
1356,1,35237,1.6,0,50,500,1
1357,1,88826,1.6,0,50,500,1
1358,1,73113,1.6,0,50,500,1
1359,1,93775,1.6,0,50,500,1
1360,1,12372,1.6,0,50,500,1
1361,1,78459,1.6,0,50,500,1
1362,1,75054,1.6,0,50,500,1
1363,1,28020,1.6,0,50,500,1
1364,1,36224,1.6,0,50,500,1
1365,1,11867,1.6,0,50,500,1
1366,1,50666,1.6,0,50,500,1
1367,1,89453,1.6,0,50,500,1
1368,1,365,1.6,0,50,500,1
1369,1,81778,1.6,0,50,500,1
1370,1,66331,1.6,0,50,500,1
1371,1,80966,1.6,0,50,500,1
1372,1,24052,1.6,0,50,500,1
1373,1,40109,1.6,0,50,500,1
1374,1,70322,1.6,0,50,500,1
1375,1,70812,1.6,0,50,500,1
1376,1,82647,1.6,0,50,500,1
1377,1,31879,1.6,0,50,500,1
1378,1,97196,1.6,0,50,500,1
1379,1,32863,1.6,0,50,500,1
1380,1,17252,1.6,0,50,500,1
1381,1,51043,1.6,0,50,500,1
1382,1,99365,1.6,0,50,500,1
1383,1,85703,1.6,0,50,500,1
1384,1,41290,1.6,0,50,500,1
1385,1,52486,1.6,0,50,500,1
1386,1,54337,1.6,0,50,500,1
1387,1,13685,1.6,0,50,500,1
1388,1,62080,1.6,0,50,500,1
1389,1,97918,1.6,0,50,500,1
1390,1,77089,1.6,0,50,500,1
1391,1,75842,1.6,0,50,500,1
1392,1,70402,1.6,0,50,500,1
1393,1,56703,1.6,0,50,500,1
1394,1,89156,1.6,0,50,500,1
1395,1,72979,1.6,0,50,500,1
1396,1,86212,1.6,0,50,500,1
1397,1,32822,1.6,0,50,500,1
1398,1,90990,1.6,0,50,500,1
1399,1,78722,1.6,0,50,500,1
1400,1,16059,1.6,0,50,500,1
1401,1,61970,1.6,0,50,500,1
1402,1,23630,1.6,0,50,500,1
1403,1,11803,1.6,0,50,500,1
1404,1,48371,1.6,0,50,500,1
1405,1,61748,1.6,0,50,500,1
1406,1,84700,1.6,0,50,500,1
1407,1,74828,1.6,0,50,500,1
1408,1,4369,1.6,0,50,500,1
1409,1,652,1.6,0,50,500,1
1410,1,65024,1.6,0,50,500,1
1411,1,20085,1.6,0,50,500,1
1412,1,34620,1.6,0,50,500,1
1413,1,39419,1.6,0,50,500,1
1414,1,74574,1.6,0,50,500,1
1415,1,82148,1.6,0,50,500,1
1416,1,23462,1.6,0,50,500,1
1417,1,59318,1.6,0,50,500,1
1418,1,479,1.6,0,50,500,1
1419,1,78880,1.6,0,50,500,1
1420,1,72182,1.6,0,50,500,1
1421,1,58832,1.6,0,50,500,1
1422,1,79149,1.6,0,50,500,1
1423,1,86723,1.6,0,50,500,1
1424,1,65929,1.6,0,50,500,1
1425,1,8236,1.6,0,50,500,1
1426,1,47681,1.6,0,50,500,1
1427,1,98937,1.6,0,50,500,1
1428,1,86179,1.6,0,50,500,1
1429,1,83514,1.6,0,50,500,1
1430,1,4027,1.6,0,50,500,1
1431,1,86499,1.6,0,50,500,1
1432,1,26957,1.6,0,50,500,1
1433,1,51868,1.6,0,50,500,1
1434,1,36461,1.6,0,50,500,1
1435,1,58401,1.6,0,50,500,1
1436,1,64489,1.6,0,50,500,1
1437,1,48513,1.6,0,50,500,1
1438,1,80456,1.6,0,50,500,1
1439,1,28351,1.6,0,50,500,1
1440,1,65375,1.6,0,50,500,1
1441,1,68607,1.6,0,50,500,1
1442,1,19948,1.6,0,50,500,1
1443,1,16538,1.6,0,50,500,1
1444,1,81983,1.6,0,50,500,1
1445,1,75102,1.6,0,50,500,1
1446,1,74077,1.6,0,50,500,1
1447,1,97605,1.6,0,50,500,1
1448,1,77664,1.6,0,50,500,1
1449,1,41355,1.6,0,50,500,1
1450,1,47624,1.6,0,50,500,1
1451,1,35398,1.6,0,50,500,1
1452,1,5859,1.6,0,50,500,1
1453,1,76363,1.6,0,50,500,1
1454,1,29398,1.6,0,50,500,1
1455,1,97906,1.6,0,50,500,1
1456,1,67059,1.6,0,50,500,1
1457,1,49319,1.6,0,50,500,1
1458,1,88245,1.6,0,50,500,1
1459,1,40946,1.6,0,50,500,1
1460,1,55245,1.6,0,50,500,1
1461,1,35655,1.6,0,50,500,1
1462,1,77857,1.6,0,50,500,1
1463,1,62950,1.6,0,50,500,1
1464,1,61162,1.6,0,50,500,1
1465,1,79954,1.6,0,50,500,1
1466,1,513,1.6,0,50,500,1
1467,1,93151,1.6,0,50,500,1
1468,1,87056,1.6,0,50,500,1
1469,1,68852,1.6,0,50,500,1
1470,1,45658,1.6,0,50,500,1
1471,1,65312,1.6,0,50,500,1
1472,1,52201,1.6,0,50,500,1
1473,1,60220,1.6,0,50,500,1
1474,1,14852,1.6,0,50,500,1
1475,1,36179,1.6,0,50,500,1
1476,1,47702,1.6,0,50,500,1
1477,1,19748,1.6,0,50,500,1
1478,1,76730,1.6,0,50,500,1
1479,1,72296,1.6,0,50,500,1
1480,1,32940,1.6,0,50,500,1
1481,1,30686,1.6,0,50,500,1
1482,1,12492,1.6,0,50,500,1
1483,1,68979,1.6,0,50,500,1
1484,1,1052,1.6,0,50,500,1
1485,1,30841,1.6,0,50,500,1
1486,1,90450,1.6,0,50,500,1
1487,1,99265,1.6,0,50,500,1
1488,1,68012,1.6,0,50,500,1
1489,1,52699,1.6,0,50,500,1
1490,1,27593,1.6,0,50,500,1
1491,1,38995,1.6,0,50,500,1
1492,1,70173,1.6,0,50,500,1
1493,1,16764,1.6,0,50,500,1
1494,1,36276,1.6,0,50,500,1
1495,1,8535,1.6,0,50,500,1
1496,1,92571,1.6,0,50,500,1
1497,1,2548,1.6,0,50,500,1
1498,1,93653,1.6,0,50,500,1
1499,1,88564,1.6,0,50,500,1
1500,1,92815,1.6,0,50,500,1
1501,1,66116,1.6,0,50,500,1
1502,1,71116,1.6,0,50,500,1
1503,1,79275,1.6,0,50,500,1
1504,1,59925,1.6,0,50,500,1
1505,1,30634,1.6,0,50,500,1
1506,1,14336,1.6,0,50,500,1
1507,1,81290,1.6,0,50,500,1
1508,1,54435,1.6,0,50,500,1
1509,1,16875,1.6,0,50,500,1
1510,1,35232,1.6,0,50,500,1
1511,1,14970,1.6,0,50,500,1
1512,1,75139,1.6,0,50,500,1
1513,1,94355,1.6,0,50,500,1
1514,1,86547,1.6,0,50,500,1
1515,1,9178,1.6,0,50,500,1
1516,1,12791,1.6,0,50,500,1
1517,1,42060,1.6,0,50,500,1
1518,1,56711,1.6,0,50,500,1
1519,1,86472,1.6,0,50,500,1
1520,1,34532,1.6,0,50,500,1
1521,1,85131,1.6,0,50,500,1
1522,1,97236,1.6,0,50,500,1
1523,1,98992,1.6,0,50,500,1
1524,1,90981,1.6,0,50,500,1
1525,1,76453,1.6,0,50,500,1
1526,1,74076,1.6,0,50,500,1
1527,1,13460,1.6,0,50,500,1
1528,1,71644,1.6,0,50,500,1
1529,1,5280,1.6,0,50,500,1
1530,1,78635,1.6,0,50,500,1
1531,1,57821,1.6,0,50,500,1
1532,1,68972,1.6,0,50,500,1
1533,1,22786,1.6,0,50,500,1
1534,1,28849,1.6,0,50,500,1
1535,1,17423,1.6,0,50,500,1
1536,1,74123,1.6,0,50,500,1
1537,1,89857,1.6,0,50,500,1
1538,1,42034,1.6,0,50,500,1
1539,1,75049,1.6,0,50,500,1
1540,1,16192,1.6,0,50,500,1
1541,1,21666,1.6,0,50,500,1
1542,1,28695,1.6,0,50,500,1
1543,1,31581,1.6,0,50,500,1
1544,1,24954,1.6,0,50,500,1
1545,1,21328,1.6,0,50,500,1
1546,1,86198,1.6,0,50,500,1
1547,1,6109,1.6,0,50,500,1
1548,1,62373,1.6,0,50,500,1
1549,1,41094,1.6,0,50,500,1
1550,1,69564,1.6,0,50,500,1
1551,1,65407,1.6,0,50,500,1
1552,1,68743,1.6,0,50,500,1
1553,1,9589,1.6,0,50,500,1
1554,1,43865,1.6,0,50,500,1
1555,1,13663,1.6,0,50,500,1
1556,1,91881,1.6,0,50,500,1
1557,1,58093,1.6,0,50,500,1
1558,1,68064,1.6,0,50,500,1
1559,1,78255,1.6,0,50,500,1
1560,1,69225,1.6,0,50,500,1
1561,1,35032,1.6,0,50,500,1
1562,1,29624,1.6,0,50,500,1
1563,1,69730,1.6,0,50,500,1
1564,1,74047,1.6,0,50,500,1
1565,1,73443,1.6,0,50,500,1
1566,1,12788,1.6,0,50,500,1
1567,1,33245,1.6,0,50,500,1
1568,1,77788,1.6,0,50,500,1
1569,1,30298,1.6,0,50,500,1
1570,1,46641,1.6,0,50,500,1
1571,1,67970,1.6,0,50,500,1
1572,1,44318,1.6,0,50,500,1
1573,1,99825,1.6,0,50,500,1
1574,1,63075,1.6,0,50,500,1
1575,1,29048,1.6,0,50,500,1
1576,1,84214,1.6,0,50,500,1
1577,1,22107,1.6,0,50,500,1
1578,1,68477,1.6,0,50,500,1
1579,1,28573,1.6,0,50,500,1
1580,1,74515,1.6,0,50,500,1
1581,1,94214,1.6,0,50,500,1
1582,1,52845,1.6,0,50,500,1
1583,1,58637,1.6,0,50,500,1
1584,1,60688,1.6,0,50,500,1
1585,1,7117,1.6,0,50,500,1
1586,1,47307,1.6,0,50,500,1
1587,1,52899,1.6,0,50,500,1
1588,1,66354,1.6,0,50,500,1
1589,1,39713,1.6,0,50,500,1
1590,1,86585,1.6,0,50,500,1
1591,1,42115,1.6,0,50,500,1
1592,1,83616,1.6,0,50,500,1
1593,1,44460,1.6,0,50,500,1
1594,1,93049,1.6,0,50,500,1
1595,1,13264,1.6,0,50,500,1
1596,1,4216,1.6,0,50,500,1
1597,1,97876,1.6,0,50,500,1
1598,1,40603,1.6,0,50,500,1
1599,1,14686,1.6,0,50,500,1
1600,1,29745,1.6,0,50,500,1
1601,1,11496,1.6,0,50,500,1
1602,1,55008,1.6,0,50,500,1
1603,1,36790,1.6,0,50,500,1
1604,1,10697,1.6,0,50,500,1
1605,1,17908,1.6,0,50,500,1
1606,1,46819,1.6,0,50,500,1
1607,1,33906,1.6,0,50,500,1
1608,1,20768,1.6,0,50,500,1
1609,1,18918,1.6,0,50,500,1
1610,1,93491,1.6,0,50,500,1
1611,1,33748,1.6,0,50,500,1
1612,1,52884,1.6,0,50,500,1
1613,1,26056,1.6,0,50,500,1
1614,1,10031,1.6,0,50,500,1
1615,1,66286,1.6,0,50,500,1
1616,1,29736,1.6,0,50,500,1
1617,1,20791,1.6,0,50,500,1
1618,1,63320,1.6,0,50,500,1
1619,1,4856,1.6,0,50,500,1
1620,1,62034,1.6,0,50,500,1
1621,1,58793,1.6,0,50,500,1
1622,1,10624,1.6,0,50,500,1
1623,1,99250,1.6,0,50,500,1
1624,1,11859,1.6,0,50,500,1
1625,1,45244,1.6,0,50,500,1
1626,1,65394,1.6,0,50,500,1
1627,1,27821,1.6,0,50,500,1
1628,1,90570,1.6,0,50,500,1
1629,1,69100,1.6,0,50,500,1
1630,1,50654,1.6,0,50,500,1
1631,1,74904,1.6,0,50,500,1
1632,1,66273,1.6,0,50,500,1
1633,1,8922,1.6,0,50,500,1
1634,1,45894,1.6,0,50,500,1
1635,1,53791,1.6,0,50,500,1
1636,1,97193,1.6,0,50,500,1
1637,1,70394,1.6,0,50,500,1
1638,1,50010,1.6,0,50,500,1
1639,1,14817,1.6,0,50,500,1
1640,1,87242,1.6,0,50,500,1
1641,1,32361,1.6,0,50,500,1
1642,1,65211,1.6,0,50,500,1
1643,1,5113,1.6,0,50,500,1
1644,1,67154,1.6,0,50,500,1
1645,1,2848,1.6,0,50,500,1
1646,1,86140,1.6,0,50,500,1
1647,1,16686,1.6,0,50,500,1
1648,1,83257,1.6,0,50,500,1
1649,1,87467,1.6,0,50,500,1
1650,1,92190,1.6,0,50,500,1
1651,1,73580,1.6,0,50,500,1
1652,1,7075,1.6,0,50,500,1
1653,1,20862,1.6,0,50,500,1
1654,1,74410,1.6,0,50,500,1
1655,1,39703,1.6,0,50,500,1
1656,1,49096,1.6,0,50,500,1
1657,1,57881,1.6,0,50,500,1
1658,1,63905,1.6,0,50,500,1
1659,1,12918,1.6,0,50,500,1
1660,1,95715,1.6,0,50,500,1
1661,1,51270,1.6,0,50,500,1
1662,1,18643,1.6,0,50,500,1
1663,1,87952,1.6,0,50,500,1
1664,1,73447,1.6,0,50,500,1
1665,1,18040,1.6,0,50,500,1
1666,1,82564,1.6,0,50,500,1
1667,1,99710,1.6,0,50,500,1
1668,1,58798,1.6,0,50,500,1
1669,1,85707,1.6,0,50,500,1
1670,1,19783,1.6,0,50,500,1
1671,1,54557,1.6,0,50,500,1
1672,1,90310,1.6,0,50,500,1
1673,1,44047,1.6,0,50,500,1
1674,1,37950,1.6,0,50,500,1
1675,1,85071,1.6,0,50,500,1
1676,1,22409,1.6,0,50,500,1
1677,1,53443,1.6,0,50,500,1
1678,1,6282,1.6,0,50,500,1
1679,1,32213,1.6,0,50,500,1
1680,1,79856,1.6,0,50,500,1
1681,1,83365,1.6,0,50,500,1
1682,1,30916,1.6,0,50,500,1
1683,1,65226,1.6,0,50,500,1
1684,1,46881,1.6,0,50,500,1
1685,1,80818,1.6,0,50,500,1
1686,1,7261,1.6,0,50,500,1
1687,1,4953,1.6,0,50,500,1
1688,1,57535,1.6,0,50,500,1
1689,1,70308,1.6,0,50,500,1
1690,1,24057,1.6,0,50,500,1
1691,1,13838,1.6,0,50,500,1
1692,1,45520,1.6,0,50,500,1
1693,1,46559,1.6,0,50,500,1
1694,1,27615,1.6,0,50,500,1
1695,1,93996,1.6,0,50,500,1
1696,1,38880,1.6,0,50,500,1
1697,1,23087,1.6,0,50,500,1
1698,1,65728,1.6,0,50,500,1
1699,1,71236,1.6,0,50,500,1
1700,1,78088,1.6,0,50,500,1
1701,1,27293,1.6,0,50,500,1
1702,1,4306,1.6,0,50,500,1
1703,1,24972,1.6,0,50,500,1
1704,1,60830,1.6,0,50,500,1
1705,1,39201,1.6,0,50,500,1
1706,1,23587,1.6,0,50,500,1
1707,1,18720,1.6,0,50,500,1
1708,1,74309,1.6,0,50,500,1
1709,1,28373,1.6,0,50,500,1
1710,1,58309,1.6,0,50,500,1
1711,1,45881,1.6,0,50,500,1
1712,1,12866,1.6,0,50,500,1
1713,1,2200,1.6,0,50,500,1
1714,1,40593,1.6,0,50,500,1
1715,1,57052,1.6,0,50,500,1
1716,1,323,1.6,0,50,500,1
1717,1,9092,1.6,0,50,500,1
1718,1,88388,1.6,0,50,500,1
1719,1,20097,1.6,0,50,500,1
1720,1,60686,1.6,0,50,500,1
1721,1,39564,1.6,0,50,500,1
1722,1,49753,1.6,0,50,500,1
1723,1,27959,1.6,0,50,500,1
1724,1,35790,1.6,0,50,500,1
1725,1,17264,1.6,0,50,500,1
1726,1,42488,1.6,0,50,500,1
1727,1,11030,1.6,0,50,500,1
1728,1,14845,1.6,0,50,500,1
1729,1,77252,1.6,0,50,500,1
1730,1,4463,1.6,0,50,500,1
1731,1,54082,1.6,0,50,500,1
1732,1,39619,1.6,0,50,500,1
1733,1,54116,1.6,0,50,500,1
1734,1,23983,1.6,0,50,500,1
1735,1,16543,1.6,0,50,500,1
1736,1,59539,1.6,0,50,500,1
1737,1,99191,1.6,0,50,500,1
1738,1,29181,1.6,0,50,500,1
1739,1,79150,1.6,0,50,500,1
1740,1,61255,1.6,0,50,500,1
1741,1,40797,1.6,0,50,500,1
1742,1,81766,1.6,0,50,500,1
1743,1,36886,1.6,0,50,500,1
1744,1,97520,1.6,0,50,500,1
1745,1,77260,1.6,0,50,500,1
1746,1,42625,1.6,0,50,500,1
1747,1,52531,1.6,0,50,500,1
1748,1,33623,1.6,0,50,500,1
1749,1,39259,1.6,0,50,500,1
1750,1,94495,1.6,0,50,500,1
1751,1,88316,1.6,0,50,500,1
1752,1,53382,1.6,0,50,500,1
1753,1,69013,1.6,0,50,500,1
1754,1,77823,1.6,0,50,500,1
1755,1,82874,1.6,0,50,500,1
1756,1,19798,1.6,0,50,500,1
1757,1,65232,1.6,0,50,500,1
1758,1,75024,1.6,0,50,500,1
1759,1,93550,1.6,0,50,500,1
1760,1,97197,1.6,0,50,500,1
1761,1,18482,1.6,0,50,500,1
1762,1,19073,1.6,0,50,500,1
1763,1,69899,1.6,0,50,500,1
1764,1,47680,1.6,0,50,500,1
1765,1,71379,1.6,0,50,500,1
1766,1,67137,1.6,0,50,500,1
1767,1,14512,1.6,0,50,500,1
1768,1,95748,1.6,0,50,500,1
1769,1,67175,1.6,0,50,500,1
1770,1,29567,1.6,0,50,500,1
1771,1,91192,1.6,0,50,500,1
1772,1,91135,1.6,0,50,500,1
1773,1,47202,1.6,0,50,500,1
1774,1,71451,1.6,0,50,500,1
1775,1,67327,1.6,0,50,500,1
1776,1,61238,1.6,0,50,500,1
1777,1,82070,1.6,0,50,500,1
1778,1,38584,1.6,0,50,500,1
1779,1,29987,1.6,0,50,500,1
1780,1,54900,1.6,0,50,500,1
1781,1,57203,1.6,0,50,500,1
1782,1,97297,1.6,0,50,500,1
1783,1,79874,1.6,0,50,500,1
1784,1,64253,1.6,0,50,500,1
1785,1,48051,1.6,0,50,500,1
1786,1,23061,1.6,0,50,500,1
1787,1,53648,1.6,0,50,500,1
1788,1,12313,1.6,0,50,500,1
1789,1,29851,1.6,0,50,500,1
1790,1,37047,1.6,0,50,500,1
1791,1,6289,1.6,0,50,500,1
1792,1,82912,1.6,0,50,500,1
1793,1,24279,1.6,0,50,500,1
1794,1,29627,1.6,0,50,500,1
1795,1,50809,1.6,0,50,500,1
1796,1,99270,1.6,0,50,500,1
1797,1,69531,1.6,0,50,500,1
1798,1,36483,1.6,0,50,500,1
1799,1,80310,1.6,0,50,500,1
1800,1,32379,1.6,0,50,500,1
1801,1,62044,1.6,0,50,500,1
1802,1,26100,1.6,0,50,500,1
1803,1,52176,1.6,0,50,500,1
1804,1,57458,1.6,0,50,500,1
1805,1,97068,1.6,0,50,500,1
1806,1,56214,1.6,0,50,500,1
1807,1,26075,1.6,0,50,500,1
1808,1,55562,1.6,0,50,500,1
1809,1,70218,1.6,0,50,500,1
1810,1,16939,1.6,0,50,500,1
1811,1,97105,1.6,0,50,500,1
1812,1,55495,1.6,0,50,500,1
1813,1,70717,1.6,0,50,500,1
1814,1,86360,1.6,0,50,500,1
1815,1,27112,1.6,0,50,500,1
1816,1,12211,1.6,0,50,500,1
1817,1,62802,1.6,0,50,500,1
1818,1,96259,1.6,0,50,500,1
1819,1,46159,1.6,0,50,500,1
1820,1,23063,1.6,0,50,500,1
1821,1,1784,1.6,0,50,500,1
1822,1,19246,1.6,0,50,500,1
1823,1,337,1.6,0,50,500,1
1824,1,62495,1.6,0,50,500,1
1825,1,14647,1.6,0,50,500,1
1826,1,37987,1.6,0,50,500,1
1827,1,5626,1.6,0,50,500,1
1828,1,68925,1.6,0,50,500,1
1829,1,2496,1.6,0,50,500,1
1830,1,90203,1.6,0,50,500,1
1831,1,27795,1.6,0,50,500,1
1832,1,80122,1.6,0,50,500,1
1833,1,40560,1.6,0,50,500,1
1834,1,847,1.6,0,50,500,1
1835,1,82806,1.6,0,50,500,1
1836,1,74439,1.6,0,50,500,1
1837,1,51880,1.6,0,50,500,1
1838,1,64397,1.6,0,50,500,1
1839,1,31543,1.6,0,50,500,1
1840,1,80706,1.6,0,50,500,1
1841,1,89102,1.6,0,50,500,1
1842,1,39267,1.6,0,50,500,1
1843,1,66788,1.6,0,50,500,1
1844,1,34274,1.6,0,50,500,1
1845,1,36729,1.6,0,50,500,1
1846,1,78161,1.6,0,50,500,1
1847,1,85280,1.6,0,50,500,1
1848,1,76487,1.6,0,50,500,1
1849,1,6803,1.6,0,50,500,1
1850,1,47326,1.6,0,50,500,1
1851,1,41539,1.6,0,50,500,1
1852,1,14459,1.6,0,50,500,1
1853,1,14284,1.6,0,50,500,1
1854,1,30803,1.6,0,50,500,1
1855,1,26676,1.6,0,50,500,1
1856,1,97535,1.6,0,50,500,1
1857,1,80717,1.6,0,50,500,1
1858,1,83607,1.6,0,50,500,1
1859,1,14503,1.6,0,50,500,1
1860,1,32867,1.6,0,50,500,1
1861,1,20058,1.6,0,50,500,1
1862,1,90471,1.6,0,50,500,1
1863,1,45350,1.6,0,50,500,1
1864,1,35527,1.6,0,50,500,1
1865,1,96582,1.6,0,50,500,1
1866,1,6857,1.6,0,50,500,1
1867,1,11520,1.6,0,50,500,1
1868,1,72121,1.6,0,50,500,1
1869,1,7034,1.6,0,50,500,1
1870,1,20348,1.6,0,50,500,1
1871,1,1623,1.6,0,50,500,1
1872,1,56227,1.6,0,50,500,1
1873,1,20041,1.6,0,50,500,1
1874,1,65942,1.6,0,50,500,1
1875,1,72090,1.6,0,50,500,1
1876,1,85506,1.6,0,50,500,1
1877,1,69230,1.6,0,50,500,1
1878,1,27930,1.6,0,50,500,1
1879,1,10655,1.6,0,50,500,1
1880,1,91514,1.6,0,50,500,1
1881,1,59863,1.6,0,50,500,1
1882,1,11118,1.6,0,50,500,1
1883,1,25460,1.6,0,50,500,1
1884,1,90058,1.6,0,50,500,1
1885,1,80257,1.6,0,50,500,1
1886,1,61289,1.6,0,50,500,1
1887,1,73279,1.6,0,50,500,1
1888,1,99178,1.6,0,50,500,1
1889,1,84175,1.6,0,50,500,1
1890,1,18702,1.6,0,50,500,1
1891,1,2427,1.6,0,50,500,1
1892,1,44528,1.6,0,50,500,1
1893,1,41054,1.6,0,50,500,1
1894,1,84051,1.6,0,50,500,1
1895,1,27587,1.6,0,50,500,1
1896,1,16260,1.6,0,50,500,1
1897,1,57411,1.6,0,50,500,1
1898,1,60587,1.6,0,50,500,1
1899,1,32713,1.6,0,50,500,1
1900,1,50299,1.6,0,50,500,1
1901,1,59156,1.6,0,50,500,1
1902,1,13736,1.6,0,50,500,1
1903,1,2190,1.6,0,50,500,1
1904,1,96198,1.6,0,50,500,1
1905,1,10882,1.6,0,50,500,1
1906,1,54318,1.6,0,50,500,1
1907,1,36616,1.6,0,50,500,1
1908,1,73796,1.6,0,50,500,1
1909,1,84666,1.6,0,50,500,1
1910,1,90851,1.6,0,50,500,1
1911,1,80521,1.6,0,50,500,1
1912,1,45064,1.6,0,50,500,1
1913,1,4370,1.6,0,50,500,1
1914,1,35976,1.6,0,50,500,1
1915,1,25247,1.6,0,50,500,1
1916,1,28274,1.6,0,50,500,1
1917,1,27982,1.6,0,50,500,1
1918,1,43896,1.6,0,50,500,1
1919,1,4503,1.6,0,50,500,1
1920,1,39252,1.6,0,50,500,1
1921,1,75869,1.6,0,50,500,1
1922,1,55030,1.6,0,50,500,1
1923,1,26469,1.6,0,50,500,1
1924,1,1593,1.6,0,50,500,1
1925,1,23712,1.6,0,50,500,1
1926,1,90196,1.6,0,50,500,1
1927,1,8333,1.6,0,50,500,1
1928,1,53000,1.6,0,50,500,1
1929,1,31080,1.6,0,50,500,1
1930,1,84524,1.6,0,50,500,1
1931,1,13514,1.6,0,50,500,1
1932,1,10796,1.6,0,50,500,1
1933,1,42792,1.6,0,50,500,1
1934,1,76880,1.6,0,50,500,1
1935,1,27776,1.6,0,50,500,1
1936,1,8904,1.6,0,50,500,1
1937,1,35599,1.6,0,50,500,1
1938,1,22897,1.6,0,50,500,1
1939,1,92407,1.6,0,50,500,1
1940,1,37383,1.6,0,50,500,1
1941,1,65800,1.6,0,50,500,1
1942,1,18360,1.6,0,50,500,1
1943,1,18145,1.6,0,50,500,1
1944,1,56301,1.6,0,50,500,1
1945,1,61227,1.6,0,50,500,1
1946,1,44320,1.6,0,50,500,1
1947,1,40617,1.6,0,50,500,1
1948,1,73045,1.6,0,50,500,1
1949,1,88273,1.6,0,50,500,1
1950,1,22014,1.6,0,50,500,1
1951,1,33899,1.6,0,50,500,1
1952,1,14002,1.6,0,50,500,1
1953,1,10854,1.6,0,50,500,1
1954,1,35862,1.6,0,50,500,1
1955,1,94914,1.6,0,50,500,1
1956,1,39065,1.6,0,50,500,1
1957,1,7476,1.6,0,50,500,1
1958,1,54482,1.6,0,50,500,1
1959,1,94860,1.6,0,50,500,1
1960,1,83438,1.6,0,50,500,1
1961,1,54439,1.6,0,50,500,1
1962,1,25998,1.6,0,50,500,1
1963,1,73047,1.6,0,50,500,1
1964,1,53433,1.6,0,50,500,1
1965,1,66858,1.6,0,50,500,1
1966,1,56850,1.6,0,50,500,1
1967,1,78948,1.6,0,50,500,1
1968,1,56153,1.6,0,50,500,1
1969,1,87197,1.6,0,50,500,1
1970,1,44838,1.6,0,50,500,1
1971,1,30741,1.6,0,50,500,1
1972,1,94127,1.6,0,50,500,1
1973,1,37066,1.6,0,50,500,1
1974,1,84274,1.6,0,50,500,1
1975,1,51576,1.6,0,50,500,1
1976,1,42678,1.6,0,50,500,1
1977,1,5950,1.6,0,50,500,1
1978,1,36593,1.6,0,50,500,1
1979,1,85143,1.6,0,50,500,1
1980,1,37389,1.6,0,50,500,1
1981,1,44512,1.6,0,50,500,1
1982,1,2716,1.6,0,50,500,1
1983,1,38162,1.6,0,50,500,1
1984,1,31683,1.6,0,50,500,1
1985,1,16851,1.6,0,50,500,1
1986,1,48435,1.6,0,50,500,1
1987,1,20985,1.6,0,50,500,1
1988,1,46095,1.6,0,50,500,1
1989,1,87002,1.6,0,50,500,1
1990,1,92749,1.6,0,50,500,1
1991,1,8897,1.6,0,50,500,1
1992,1,30850,1.6,0,50,500,1
1993,1,97390,1.6,0,50,500,1
1994,1,36901,1.6,0,50,500,1
1995,1,67180,1.6,0,50,500,1
1996,1,17124,1.6,0,50,500,1
1997,1,61632,1.6,0,50,500,1
1998,1,79857,1.6,0,50,500,1
1999,1,891,1.6,0,50,500,1
2000,1,12309,1.6,0,50,500,1
2001,1,31161,1.6,0,50,500,1
2002,1,142,1.6,0,50,500,1
2003,1,54572,1.6,0,50,500,1
2004,1,14775,1.6,0,50,500,1
2005,1,21590,1.6,0,50,500,1
2006,1,43489,1.6,0,50,500,1
2007,1,49177,1.6,0,50,500,1
2008,1,67821,1.6,0,50,500,1
2009,1,28640,1.6,0,50,500,1
2010,1,38907,1.6,0,50,500,1
2011,1,56148,1.6,0,50,500,1
2012,1,12951,1.6,0,50,500,1
2013,1,20921,1.6,0,50,500,1
2014,1,52161,1.6,0,50,500,1
2015,1,46058,1.6,0,50,500,1
2016,1,77274,1.6,0,50,500,1
2017,1,12415,1.6,0,50,500,1
2018,1,32305,1.6,0,50,500,1
2019,1,62808,1.6,0,50,500,1
2020,1,94866,1.6,0,50,500,1
2021,1,30949,1.6,0,50,500,1
2022,1,79213,1.6,0,50,500,1
2023,1,80914,1.6,0,50,500,1
2024,1,29860,1.6,0,50,500,1
2025,1,25927,1.6,0,50,500,1
2026,1,4335,1.6,0,50,500,1
2027,1,54389,1.6,0,50,500,1
2028,1,53857,1.6,0,50,500,1
2029,1,47523,1.6,0,50,500,1
2030,1,68288,1.6,0,50,500,1
2031,1,49031,1.6,0,50,500,1
2032,1,80868,1.6,0,50,500,1
2033,1,11449,1.6,0,50,500,1
2034,1,79867,1.6,0,50,500,1
2035,1,97684,1.6,0,50,500,1
2036,1,84865,1.6,0,50,500,1
2037,1,2333,1.6,0,50,500,1
2038,1,25491,1.6,0,50,500,1
2039,1,18225,1.6,0,50,500,1
2040,1,51764,1.6,0,50,500,1
2041,1,77905,1.6,0,50,500,1
2042,1,9910,1.6,0,50,500,1
2043,1,32875,1.6,0,50,500,1
2044,1,62239,1.6,0,50,500,1
2045,1,32679,1.6,0,50,500,1
2046,1,43327,1.6,0,50,500,1
2047,1,40620,1.6,0,50,500,1
2048,1,17294,1.6,0,50,500,1
2049,1,20991,1.6,0,50,500,1
2050,1,36986,1.6,0,50,500,1
2051,1,399,1.6,0,50,500,1
2052,1,11693,1.6,0,50,500,1
2053,1,17726,1.6,0,50,500,1
2054,1,12429,1.6,0,50,500,1
2055,1,37990,1.6,0,50,500,1
2056,1,22475,1.6,0,50,500,1
2057,1,16268,1.6,0,50,500,1
2058,1,64468,1.6,0,50,500,1
2059,1,97769,1.6,0,50,500,1
2060,1,71170,1.6,0,50,500,1
2061,1,2491,1.6,0,50,500,1
2062,1,48968,1.6,0,50,500,1
2063,1,15699,1.6,0,50,500,1
2064,1,18480,1.6,0,50,500,1
2065,1,9474,1.6,0,50,500,1
2066,1,83565,1.6,0,50,500,1
2067,1,36350,1.6,0,50,500,1
2068,1,34036,1.6,0,50,500,1
2069,1,3068,1.6,0,50,500,1
2070,1,24582,1.6,0,50,500,1
2071,1,70971,1.6,0,50,500,1
2072,1,42551,1.6,0,50,500,1
2073,1,48215,1.6,0,50,500,1
2074,1,18358,1.6,0,50,500,1
2075,1,90604,1.6,0,50,500,1
2076,1,26677,1.6,0,50,500,1
2077,1,34841,1.6,0,50,500,1
2078,1,57533,1.6,0,50,500,1
2079,1,25887,1.6,0,50,500,1
2080,1,18215,1.6,0,50,500,1
2081,1,66000,1.6,0,50,500,1
2082,1,58754,1.6,0,50,500,1
2083,1,62874,1.6,0,50,500,1
2084,1,16315,1.6,0,50,500,1
2085,1,33467,1.6,0,50,500,1
2086,1,89013,1.6,0,50,500,1
2087,1,51611,1.6,0,50,500,1
2088,1,78270,1.6,0,50,500,1
2089,1,31976,1.6,0,50,500,1
2090,1,44737,1.6,0,50,500,1
2091,1,91424,1.6,0,50,500,1
2092,1,88762,1.6,0,50,500,1
2093,1,48289,1.6,0,50,500,1
2094,1,84102,1.6,0,50,500,1
2095,1,78286,1.6,0,50,500,1
2096,1,1664,1.6,0,50,500,1
2097,1,39910,1.6,0,50,500,1
2098,1,40776,1.6,0,50,500,1
2099,1,25375,1.6,0,50,500,1
2100,1,84736,1.6,0,50,500,1
2101,1,33854,1.6,0,50,500,1
2102,1,76403,1.6,0,50,500,1
2103,1,68604,1.6,0,50,500,1
2104,1,18789,1.6,0,50,500,1
2105,1,98626,1.6,0,50,500,1
2106,1,4608,1.6,0,50,500,1
2107,1,29938,1.6,0,50,500,1
2108,1,10261,1.6,0,50,500,1
2109,1,21107,1.6,0,50,500,1
2110,1,68897,1.6,0,50,500,1
2111,1,26885,1.6,0,50,500,1
2112,1,42577,1.6,0,50,500,1
2113,1,12363,1.6,0,50,500,1
2114,1,97881,1.6,0,50,500,1
2115,1,6815,1.6,0,50,500,1
2116,1,55142,1.6,0,50,500,1
2117,1,29569,1.6,0,50,500,1
2118,1,67374,1.6,0,50,500,1
2119,1,83625,1.6,0,50,500,1
2120,1,67640,1.6,0,50,500,1
2121,1,60850,1.6,0,50,500,1
2122,1,53269,1.6,0,50,500,1
2123,1,18496,1.6,0,50,500,1
2124,1,2657,1.6,0,50,500,1
2125,1,88817,1.6,0,50,500,1
2126,1,48657,1.6,0,50,500,1
2127,1,22924,1.6,0,50,500,1
2128,1,76876,1.6,0,50,500,1
2129,1,30543,1.6,0,50,500,1
2130,1,43516,1.6,0,50,500,1
2131,1,78746,1.6,0,50,500,1
2132,1,34769,1.6,0,50,500,1
2133,1,76895,1.6,0,50,500,1
2134,1,77111,1.6,0,50,500,1
2135,1,64720,1.6,0,50,500,1
2136,1,37373,1.6,0,50,500,1
2137,1,54430,1.6,0,50,500,1
2138,1,18779,1.6,0,50,500,1
2139,1,83791,1.6,0,50,500,1
2140,1,61325,1.6,0,50,500,1
2141,1,32330,1.6,0,50,500,1
2142,1,39766,1.6,0,50,500,1
2143,1,43109,1.6,0,50,500,1
2144,1,35033,1.6,0,50,500,1
2145,1,5763,1.6,0,50,500,1
2146,1,2431,1.6,0,50,500,1
2147,1,9031,1.6,0,50,500,1
2148,1,23351,1.6,0,50,500,1
2149,1,67152,1.6,0,50,500,1
2150,1,506,1.6,0,50,500,1
2151,1,16831,1.6,0,50,500,1
2152,1,6435,1.6,0,50,500,1
2153,1,68793,1.6,0,50,500,1
2154,1,41374,1.6,0,50,500,1
2155,1,44104,1.6,0,50,500,1
2156,1,64714,1.6,0,50,500,1
2157,1,22707,1.6,0,50,500,1
2158,1,37782,1.6,0,50,500,1
2159,1,50425,1.6,0,50,500,1
2160,1,90580,1.6,0,50,500,1
2161,1,7918,1.6,0,50,500,1
2162,1,59372,1.6,0,50,500,1
2163,1,49738,1.6,0,50,500,1
2164,1,30051,1.6,0,50,500,1
2165,1,68291,1.6,0,50,500,1
2166,1,87518,1.6,0,50,500,1
2167,1,6972,1.6,0,50,500,1
2168,1,28655,1.6,0,50,500,1
2169,1,13967,1.6,0,50,500,1
2170,1,906,1.6,0,50,500,1
2171,1,52469,1.6,0,50,500,1
2172,1,36699,1.6,0,50,500,1
2173,1,40411,1.6,0,50,500,1
2174,1,11922,1.6,0,50,500,1
2175,1,91804,1.6,0,50,500,1
2176,1,46813,1.6,0,50,500,1
2177,1,21442,1.6,0,50,500,1
2178,1,72957,1.6,0,50,500,1
2179,1,49168,1.6,0,50,500,1
2180,1,33169,1.6,0,50,500,1
2181,1,67866,1.6,0,50,500,1
2182,1,18826,1.6,0,50,500,1
2183,1,85094,1.6,0,50,500,1
2184,1,87342,1.6,0,50,500,1
2185,1,93137,1.6,0,50,500,1
2186,1,90985,1.6,0,50,500,1
2187,1,83127,1.6,0,50,500,1
2188,1,91128,1.6,0,50,500,1
2189,1,17977,1.6,0,50,500,1
2190,1,10165,1.6,0,50,500,1
2191,1,95272,1.6,0,50,500,1
2192,1,13129,1.6,0,50,500,1
2193,1,80465,1.6,0,50,500,1
2194,1,41583,1.6,0,50,500,1
2195,1,84233,1.6,0,50,500,1
2196,1,30522,1.6,0,50,500,1
2197,1,41168,1.6,0,50,500,1
2198,1,59755,1.6,0,50,500,1
2199,1,44891,1.6,0,50,500,1
2200,1,11556,1.6,0,50,500,1
2201,1,62675,1.6,0,50,500,1
2202,1,68342,1.6,0,50,500,1
2203,1,91519,1.6,0,50,500,1
2204,1,86118,1.6,0,50,500,1
2205,1,68080,1.6,0,50,500,1
2206,1,93603,1.6,0,50,500,1
2207,1,85009,1.6,0,50,500,1
2208,1,42445,1.6,0,50,500,1
2209,1,5789,1.6,0,50,500,1
2210,1,27238,1.6,0,50,500,1
2211,1,30504,1.6,0,50,500,1
2212,1,28815,1.6,0,50,500,1
2213,1,34306,1.6,0,50,500,1
2214,1,8359,1.6,0,50,500,1
2215,1,87944,1.6,0,50,500,1
2216,1,68112,1.6,0,50,500,1
2217,1,72287,1.6,0,50,500,1
2218,1,29119,1.6,0,50,500,1
2219,1,5480,1.6,0,50,500,1
2220,1,75167,1.6,0,50,500,1
2221,1,87413,1.6,0,50,500,1
2222,1,2115,1.6,0,50,500,1
2223,1,64127,1.6,0,50,500,1
2224,1,62184,1.6,0,50,500,1
2225,1,98665,1.6,0,50,500,1
2226,1,64007,1.6,0,50,500,1
2227,1,72010,1.6,0,50,500,1
2228,1,91727,1.6,0,50,500,1
2229,1,29385,1.6,0,50,500,1
2230,1,29012,1.6,0,50,500,1
2231,1,23772,1.6,0,50,500,1
2232,1,78797,1.6,0,50,500,1
2233,1,42076,1.6,0,50,500,1
2234,1,48583,1.6,0,50,500,1
2235,1,88383,1.6,0,50,500,1
2236,1,51651,1.6,0,50,500,1
2237,1,50340,1.6,0,50,500,1
2238,1,57646,1.6,0,50,500,1
2239,1,42218,1.6,0,50,500,1
2240,1,41201,1.6,0,50,500,1
2241,1,16817,1.6,0,50,500,1
2242,1,91242,1.6,0,50,500,1
2243,1,50331,1.6,0,50,500,1
2244,1,4228,1.6,0,50,500,1
2245,1,65677,1.6,0,50,500,1
2246,1,23610,1.6,0,50,500,1
2247,1,78959,1.6,0,50,500,1
2248,1,66715,1.6,0,50,500,1
2249,1,41169,1.6,0,50,500,1
2250,1,58242,1.6,0,50,500,1
2251,1,68430,1.6,0,50,500,1
2252,1,85068,1.6,0,50,500,1
2253,1,36384,1.6,0,50,500,1
2254,1,73139,1.6,0,50,500,1
2255,1,35332,1.6,0,50,500,1
2256,1,34667,1.6,0,50,500,1
2257,1,49203,1.6,0,50,500,1
2258,1,29112,1.6,0,50,500,1
2259,1,86674,1.6,0,50,500,1
2260,1,8873,1.6,0,50,500,1
2261,1,53943,1.6,0,50,500,1
2262,1,391,1.6,0,50,500,1
2263,1,25977,1.6,0,50,500,1
2264,1,45863,1.6,0,50,500,1
2265,1,1392,1.6,0,50,500,1
2266,1,51162,1.6,0,50,500,1
2267,1,7783,1.6,0,50,500,1
2268,1,15200,1.6,0,50,500,1
2269,1,24670,1.6,0,50,500,1
2270,1,43485,1.6,0,50,500,1
2271,1,16024,1.6,0,50,500,1
2272,1,93855,1.6,0,50,500,1
2273,1,61611,1.6,0,50,500,1
2274,1,23232,1.6,0,50,500,1
2275,1,82257,1.6,0,50,500,1
2276,1,13776,1.6,0,50,500,1
2277,1,88221,1.6,0,50,500,1
2278,1,27516,1.6,0,50,500,1
2279,1,19693,1.6,0,50,500,1
2280,1,23090,1.6,0,50,500,1
2281,1,22590,1.6,0,50,500,1
2282,1,82349,1.6,0,50,500,1
2283,1,61333,1.6,0,50,500,1
2284,1,24870,1.6,0,50,500,1
2285,1,91859,1.6,0,50,500,1
2286,1,80406,1.6,0,50,500,1
2287,1,70752,1.6,0,50,500,1
2288,1,42939,1.6,0,50,500,1
2289,1,3971,1.6,0,50,500,1
2290,1,43310,1.6,0,50,500,1
2291,1,13677,1.6,0,50,500,1
2292,1,52126,1.6,0,50,500,1
2293,1,64932,1.6,0,50,500,1
2294,1,85735,1.6,0,50,500,1
2295,1,74754,1.6,0,50,500,1
2296,1,61793,1.6,0,50,500,1
2297,1,15870,1.6,0,50,500,1
2298,1,85529,1.6,0,50,500,1
2299,1,70379,1.6,0,50,500,1
2300,1,83314,1.6,0,50,500,1
2301,1,77990,1.6,0,50,500,1
2302,1,57598,1.6,0,50,500,1
2303,1,57778,1.6,0,50,500,1
2304,1,24739,1.6,0,50,500,1
2305,1,41500,1.6,0,50,500,1
2306,1,91960,1.6,0,50,500,1
2307,1,89321,1.6,0,50,500,1
2308,1,83020,1.6,0,50,500,1
2309,1,4333,1.6,0,50,500,1
2310,1,65150,1.6,0,50,500,1
2311,1,46935,1.6,0,50,500,1
2312,1,60297,1.6,0,50,500,1
2313,1,6554,1.6,0,50,500,1
2314,1,17011,1.6,0,50,500,1
2315,1,69600,1.6,0,50,500,1
2316,1,70357,1.6,0,50,500,1
2317,1,30759,1.6,0,50,500,1
2318,1,44578,1.6,0,50,500,1
2319,1,27909,1.6,0,50,500,1
2320,1,8377,1.6,0,50,500,1
2321,1,67954,1.6,0,50,500,1
2322,1,15369,1.6,0,50,500,1
2323,1,18263,1.6,0,50,500,1
2324,1,13664,1.6,0,50,500,1
2325,1,94236,1.6,0,50,500,1
2326,1,76967,1.6,0,50,500,1
2327,1,75657,1.6,0,50,500,1
2328,1,35041,1.6,0,50,500,1
2329,1,68741,1.6,0,50,500,1
2330,1,88336,1.6,0,50,500,1
2331,1,94055,1.6,0,50,500,1
2332,1,52953,1.6,0,50,500,1
2333,1,25248,1.6,0,50,500,1
2334,1,34078,1.6,0,50,500,1
2335,1,98888,1.6,0,50,500,1
2336,1,74301,1.6,0,50,500,1
2337,1,71223,1.6,0,50,500,1
2338,1,92373,1.6,0,50,500,1
2339,1,90435,1.6,0,50,500,1
2340,1,57731,1.6,0,50,500,1
2341,1,48697,1.6,0,50,500,1
2342,1,23469,1.6,0,50,500,1
2343,1,2730,1.6,0,50,500,1
2344,1,69826,1.6,0,50,500,1
2345,1,97451,1.6,0,50,500,1
2346,1,86911,1.6,0,50,500,1
2347,1,82470,1.6,0,50,500,1
2348,1,31913,1.6,0,50,500,1
2349,1,94373,1.6,0,50,500,1
2350,1,1433,1.6,0,50,500,1
2351,1,70581,1.6,0,50,500,1
2352,1,37140,1.6,0,50,500,1
2353,1,3010,1.6,0,50,500,1
2354,1,29658,1.6,0,50,500,1
2355,1,84384,1.6,0,50,500,1
2356,1,28696,1.6,0,50,500,1
2357,1,72798,1.6,0,50,500,1
2358,1,36469,1.6,0,50,500,1
2359,1,91044,1.6,0,50,500,1
2360,1,48779,1.6,0,50,500,1
2361,1,4636,1.6,0,50,500,1
2362,1,36117,1.6,0,50,500,1
2363,1,39099,1.6,0,50,500,1
2364,1,22134,1.6,0,50,500,1
2365,1,91593,1.6,0,50,500,1
2366,1,81011,1.6,0,50,500,1
2367,1,88095,1.6,0,50,500,1
2368,1,78007,1.6,0,50,500,1
2369,1,55480,1.6,0,50,500,1
2370,1,1841,1.6,0,50,500,1
2371,1,5144,1.6,0,50,500,1
2372,1,58110,1.6,0,50,500,1
2373,1,24093,1.6,0,50,500,1
2374,1,81131,1.6,0,50,500,1
2375,1,44465,1.6,0,50,500,1
2376,1,41078,1.6,0,50,500,1
2377,1,42454,1.6,0,50,500,1
2378,1,58589,1.6,0,50,500,1
2379,1,41777,1.6,0,50,500,1
2380,1,10252,1.6,0,50,500,1
2381,1,30516,1.6,0,50,500,1
2382,1,64546,1.6,0,50,500,1
2383,1,91896,1.6,0,50,500,1
2384,1,39642,1.6,0,50,500,1
2385,1,88233,1.6,0,50,500,1
2386,1,52550,1.6,0,50,500,1
2387,1,66747,1.6,0,50,500,1
2388,1,19553,1.6,0,50,500,1
2389,1,9870,1.6,0,50,500,1
2390,1,50232,1.6,0,50,500,1
2391,1,25482,1.6,0,50,500,1
2392,1,43617,1.6,0,50,500,1
2393,1,7002,1.6,0,50,500,1
2394,1,71554,1.6,0,50,500,1
2395,1,50701,1.6,0,50,500,1
2396,1,3384,1.6,0,50,500,1
2397,1,88375,1.6,0,50,500,1
2398,1,14958,1.6,0,50,500,1
2399,1,56565,1.6,0,50,500,1
2400,1,12601,1.6,0,50,500,1
2401,1,32607,1.6,0,50,500,1
2402,1,68402,1.6,0,50,500,1
2403,1,52863,1.6,0,50,500,1
2404,1,63881,1.6,0,50,500,1
2405,1,18670,1.6,0,50,500,1
2406,1,79362,1.6,0,50,500,1
2407,1,94420,1.6,0,50,500,1
2408,1,60314,1.6,0,50,500,1
2409,1,43745,1.6,0,50,500,1
2410,1,35320,1.6,0,50,500,1
2411,1,29136,1.6,0,50,500,1
2412,1,32833,1.6,0,50,500,1
2413,1,96496,1.6,0,50,500,1
2414,1,49902,1.6,0,50,500,1
2415,1,31373,1.6,0,50,500,1
2416,1,60942,1.6,0,50,500,1
2417,1,32220,1.6,0,50,500,1
2418,1,68822,1.6,0,50,500,1
2419,1,94122,1.6,0,50,500,1
2420,1,97493,1.6,0,50,500,1
2421,1,37769,1.6,0,50,500,1
2422,1,59454,1.6,0,50,500,1
2423,1,14821,1.6,0,50,500,1
2424,1,48165,1.6,0,50,500,1
2425,1,75747,1.6,0,50,500,1
2426,1,30855,1.6,0,50,500,1
2427,1,47836,1.6,0,50,500,1
2428,1,66046,1.6,0,50,500,1
2429,1,92963,1.6,0,50,500,1
2430,1,20584,1.6,0,50,500,1
2431,1,6012,1.6,0,50,500,1
2432,1,45611,1.6,0,50,500,1
2433,1,21224,1.6,0,50,500,1
2434,1,72668,1.6,0,50,500,1
2435,1,96888,1.6,0,50,500,1
2436,1,30245,1.6,0,50,500,1
2437,1,91212,1.6,0,50,500,1
2438,1,4746,1.6,0,50,500,1
2439,1,58204,1.6,0,50,500,1
2440,1,12931,1.6,0,50,500,1
2441,1,58727,1.6,0,50,500,1
2442,1,17060,1.6,0,50,500,1
2443,1,66712,1.6,0,50,500,1
2444,1,70723,1.6,0,50,500,1
2445,1,8882,1.6,0,50,500,1
2446,1,70757,1.6,0,50,500,1
2447,1,85458,1.6,0,50,500,1
2448,1,95929,1.6,0,50,500,1
2449,1,89714,1.6,0,50,500,1
2450,1,76854,1.6,0,50,500,1
2451,1,19734,1.6,0,50,500,1
2452,1,38814,1.6,0,50,500,1
2453,1,20564,1.6,0,50,500,1
2454,1,21827,1.6,0,50,500,1
2455,1,57722,1.6,0,50,500,1
2456,1,42222,1.6,0,50,500,1
2457,1,43937,1.6,0,50,500,1
2458,1,71435,1.6,0,50,500,1
2459,1,63608,1.6,0,50,500,1
2460,1,96603,1.6,0,50,500,1
2461,1,21053,1.6,0,50,500,1
2462,1,19502,1.6,0,50,500,1
2463,1,63252,1.6,0,50,500,1
2464,1,152,1.6,0,50,500,1
2465,1,78778,1.6,0,50,500,1
2466,1,59595,1.6,0,50,500,1
2467,1,23158,1.6,0,50,500,1
2468,1,78411,1.6,0,50,500,1
2469,1,97285,1.6,0,50,500,1
2470,1,43245,1.6,0,50,500,1
2471,1,52007,1.6,0,50,500,1
2472,1,31400,1.6,0,50,500,1
2473,1,95270,1.6,0,50,500,1
2474,1,76079,1.6,0,50,500,1
2475,1,61401,1.6,0,50,500,1
2476,1,67432,1.6,0,50,500,1
2477,1,15905,1.6,0,50,500,1
2478,1,69175,1.6,0,50,500,1
2479,1,26917,1.6,0,50,500,1
2480,1,10397,1.6,0,50,500,1
2481,1,26057,1.6,0,50,500,1
2482,1,23263,1.6,0,50,500,1
2483,1,49995,1.6,0,50,500,1
2484,1,45345,1.6,0,50,500,1
2485,1,78798,1.6,0,50,500,1
2486,1,62410,1.6,0,50,500,1
2487,1,5456,1.6,0,50,500,1
2488,1,76907,1.6,0,50,500,1
2489,1,10146,1.6,0,50,500,1
2490,1,94069,1.6,0,50,500,1
2491,1,73713,1.6,0,50,500,1
2492,1,96300,1.6,0,50,500,1
2493,1,9304,1.6,0,50,500,1
2494,1,74781,1.6,0,50,500,1
2495,1,63478,1.6,0,50,500,1
2496,1,77572,1.6,0,50,500,1
2497,1,57718,1.6,0,50,500,1
2498,1,19053,1.6,0,50,500,1
2499,1,15186,1.6,0,50,500,1
2500,1,75345,1.6,0,50,500,1
2501,1,68762,1.6,0,50,500,1
2502,1,69475,1.6,0,50,500,1
2503,1,60972,1.6,0,50,500,1
2504,1,72063,1.6,0,50,500,1
2505,1,58006,1.6,0,50,500,1
2506,1,1817,1.6,0,50,500,1
2507,1,66333,1.6,0,50,500,1
2508,1,92947,1.6,0,50,500,1
2509,1,84771,1.6,0,50,500,1
2510,1,46862,1.6,0,50,500,1
2511,1,57880,1.6,0,50,500,1
2512,1,59908,1.6,0,50,500,1
2513,1,13201,1.6,0,50,500,1
2514,1,57887,1.6,0,50,500,1
2515,1,97713,1.6,0,50,500,1
2516,1,80078,1.6,0,50,500,1
2517,1,23291,1.6,0,50,500,1
2518,1,16865,1.6,0,50,500,1
2519,1,47064,1.6,0,50,500,1
2520,1,50322,1.6,0,50,500,1
2521,1,27286,1.6,0,50,500,1
2522,1,83731,1.6,0,50,500,1
2523,1,96658,1.6,0,50,500,1
2524,1,86932,1.6,0,50,500,1
2525,1,57437,1.6,0,50,500,1
2526,1,45248,1.6,0,50,500,1
2527,1,28481,1.6,0,50,500,1
2528,1,67713,1.6,0,50,500,1
2529,1,79342,1.6,0,50,500,1
2530,1,55265,1.6,0,50,500,1
2531,1,15019,1.6,0,50,500,1
2532,1,24576,1.6,0,50,500,1
2533,1,84924,1.6,0,50,500,1
2534,1,95284,1.6,0,50,500,1
2535,1,78706,1.6,0,50,500,1
2536,1,1489,1.6,0,50,500,1
2537,1,57740,1.6,0,50,500,1
2538,1,28700,1.6,0,50,500,1
2539,1,16391,1.6,0,50,500,1
2540,1,1551,1.6,0,50,500,1
2541,1,84872,1.6,0,50,500,1
2542,1,65902,1.6,0,50,500,1
2543,1,53052,1.6,0,50,500,1
2544,1,67734,1.6,0,50,500,1
2545,1,87328,1.6,0,50,500,1
2546,1,9898,1.6,0,50,500,1
2547,1,50259,1.6,0,50,500,1
2548,1,27169,1.6,0,50,500,1
2549,1,7974,1.6,0,50,500,1
2550,1,84529,1.6,0,50,500,1
2551,1,83841,1.6,0,50,500,1
2552,1,53321,1.6,0,50,500,1
2553,1,51962,1.6,0,50,500,1
2554,1,94789,1.6,0,50,500,1
2555,1,31810,1.6,0,50,500,1
2556,1,11929,1.6,0,50,500,1
2557,1,10817,1.6,0,50,500,1
2558,1,33106,1.6,0,50,500,1
2559,1,56528,1.6,0,50,500,1
2560,1,92960,1.6,0,50,500,1
2561,1,75666,1.6,0,50,500,1
2562,1,7586,1.6,0,50,500,1
2563,1,34953,1.6,0,50,500,1
2564,1,10791,1.6,0,50,500,1
2565,1,88025,1.6,0,50,500,1
2566,1,24545,1.6,0,50,500,1
2567,1,72649,1.6,0,50,500,1
2568,1,98757,1.6,0,50,500,1
2569,1,42140,1.6,0,50,500,1
2570,1,11794,1.6,0,50,500,1
2571,1,50801,1.6,0,50,500,1
2572,1,72357,1.6,0,50,500,1
2573,1,13987,1.6,0,50,500,1
2574,1,50240,1.6,0,50,500,1
2575,1,21247,1.6,0,50,500,1
2576,1,78695,1.6,0,50,500,1
2577,1,10228,1.6,0,50,500,1
2578,1,94713,1.6,0,50,500,1
2579,1,82484,1.6,0,50,500,1
2580,1,25013,1.6,0,50,500,1
2581,1,68772,1.6,0,50,500,1
2582,1,59088,1.6,0,50,500,1
2583,1,41807,1.6,0,50,500,1
2584,1,99690,1.6,0,50,500,1
2585,1,51069,1.6,0,50,500,1
2586,1,56386,1.6,0,50,500,1
2587,1,45273,1.6,0,50,500,1
2588,1,58953,1.6,0,50,500,1
2589,1,10929,1.6,0,50,500,1
2590,1,35551,1.6,0,50,500,1
2591,1,42401,1.6,0,50,500,1
2592,1,29221,1.6,0,50,500,1
2593,1,61894,1.6,0,50,500,1
2594,1,42046,1.6,0,50,500,1
2595,1,20188,1.6,0,50,500,1
2596,1,26730,1.6,0,50,500,1
2597,1,10845,1.6,0,50,500,1
2598,1,33099,1.6,0,50,500,1
2599,1,94060,1.6,0,50,500,1
2600,1,92500,1.6,0,50,500,1
2601,1,74712,1.6,0,50,500,1
2602,1,83838,1.6,0,50,500,1
2603,1,32688,1.6,0,50,500,1
2604,1,5229,1.6,0,50,500,1
2605,1,28821,1.6,0,50,500,1
2606,1,32846,1.6,0,50,500,1
2607,1,60621,1.6,0,50,500,1
2608,1,98365,1.6,0,50,500,1
2609,1,76123,1.6,0,50,500,1
2610,1,3565,1.6,0,50,500,1
2611,1,8539,1.6,0,50,500,1
2612,1,90640,1.6,0,50,500,1
2613,1,86234,1.6,0,50,500,1
2614,1,59009,1.6,0,50,500,1
2615,1,26617,1.6,0,50,500,1
2616,1,76420,1.6,0,50,500,1
2617,1,74448,1.6,0,50,500,1
2618,1,77569,1.6,0,50,500,1
2619,1,51823,1.6,0,50,500,1
2620,1,71982,1.6,0,50,500,1
2621,1,41586,1.6,0,50,500,1
2622,1,70068,1.6,0,50,500,1
2623,1,56880,1.6,0,50,500,1
2624,1,43040,1.6,0,50,500,1
2625,1,8961,1.6,0,50,500,1
2626,1,56309,1.6,0,50,500,1
2627,1,94762,1.6,0,50,500,1
2628,1,8093,1.6,0,50,500,1
2629,1,86507,1.6,0,50,500,1
2630,1,15654,1.6,0,50,500,1
2631,1,22964,1.6,0,50,500,1
2632,1,64969,1.6,0,50,500,1
2633,1,59991,1.6,0,50,500,1
2634,1,17728,1.6,0,50,500,1
2635,1,33585,1.6,0,50,500,1
2636,1,71817,1.6,0,50,500,1
2637,1,64845,1.6,0,50,500,1
2638,1,2316,1.6,0,50,500,1
2639,1,52077,1.6,0,50,500,1
2640,1,98179,1.6,0,50,500,1
2641,1,36526,1.6,0,50,500,1
2642,1,5655,1.6,0,50,500,1
2643,1,20762,1.6,0,50,500,1
2644,1,67256,1.6,0,50,500,1
2645,1,44876,1.6,0,50,500,1
2646,1,64137,1.6,0,50,500,1
2647,1,52716,1.6,0,50,500,1
2648,1,68675,1.6,0,50,500,1
2649,1,81331,1.6,0,50,500,1
2650,1,49071,1.6,0,50,500,1
2651,1,99579,1.6,0,50,500,1
2652,1,15618,1.6,0,50,500,1
2653,1,74372,1.6,0,50,500,1
2654,1,23207,1.6,0,50,500,1
2655,1,83713,1.6,0,50,500,1
2656,1,6097,1.6,0,50,500,1
2657,1,95685,1.6,0,50,500,1
2658,1,22621,1.6,0,50,500,1
2659,1,7296,1.6,0,50,500,1
2660,1,84305,1.6,0,50,500,1
2661,1,82625,1.6,0,50,500,1
2662,1,77272,1.6,0,50,500,1
2663,1,64533,1.6,0,50,500,1
2664,1,21971,1.6,0,50,500,1
2665,1,92061,1.6,0,50,500,1
2666,1,10877,1.6,0,50,500,1
2667,1,45938,1.6,0,50,500,1
2668,1,51493,1.6,0,50,500,1
2669,1,13541,1.6,0,50,500,1
2670,1,63238,1.6,0,50,500,1
2671,1,96261,1.6,0,50,500,1
2672,1,73966,1.6,0,50,500,1
2673,1,36549,1.6,0,50,500,1
2674,1,12227,1.6,0,50,500,1
2675,1,64739,1.6,0,50,500,1
2676,1,71196,1.6,0,50,500,1
2677,1,52074,1.6,0,50,500,1
2678,1,86583,1.6,0,50,500,1
2679,1,35933,1.6,0,50,500,1
2680,1,59774,1.6,0,50,500,1
2681,1,31182,1.6,0,50,500,1
2682,1,49488,1.6,0,50,500,1
2683,1,37761,1.6,0,50,500,1
2684,1,67222,1.6,0,50,500,1
2685,1,20621,1.6,0,50,500,1
2686,1,31887,1.6,0,50,500,1
2687,1,23020,1.6,0,50,500,1
2688,1,73333,1.6,0,50,500,1
2689,1,1905,1.6,0,50,500,1
2690,1,648,1.6,0,50,500,1
2691,1,91363,1.6,0,50,500,1
2692,1,16498,1.6,0,50,500,1
2693,1,19470,1.6,0,50,500,1
2694,1,33165,1.6,0,50,500,1
2695,1,49612,1.6,0,50,500,1
2696,1,72456,1.6,0,50,500,1
2697,1,85254,1.6,0,50,500,1
2698,1,77020,1.6,0,50,500,1
2699,1,4716,1.6,0,50,500,1
2700,1,13523,1.6,0,50,500,1
2701,1,64511,1.6,0,50,500,1
2702,1,28986,1.6,0,50,500,1
2703,1,31866,1.6,0,50,500,1
2704,1,54810,1.6,0,50,500,1
2705,1,32301,1.6,0,50,500,1
2706,1,39169,1.6,0,50,500,1
2707,1,65665,1.6,0,50,500,1
2708,1,66466,1.6,0,50,500,1
2709,1,65641,1.6,0,50,500,1
2710,1,48351,1.6,0,50,500,1
2711,1,11038,1.6,0,50,500,1
2712,1,17578,1.6,0,50,500,1
2713,1,69538,1.6,0,50,500,1
2714,1,30030,1.6,0,50,500,1
2715,1,94091,1.6,0,50,500,1
2716,1,91866,1.6,0,50,500,1
2717,1,53101,1.6,0,50,500,1
2718,1,56735,1.6,0,50,500,1
2719,1,99237,1.6,0,50,500,1
2720,1,35983,1.6,0,50,500,1
2721,1,3619,1.6,0,50,500,1
2722,1,35180,1.6,0,50,500,1
2723,1,83413,1.6,0,50,500,1
2724,1,47758,1.6,0,50,500,1
2725,1,11230,1.6,0,50,500,1
2726,1,26350,1.6,0,50,500,1
2727,1,18269,1.6,0,50,500,1
2728,1,40248,1.6,0,50,500,1
2729,1,29331,1.6,0,50,500,1
2730,1,20573,1.6,0,50,500,1
2731,1,19035,1.6,0,50,500,1
2732,1,99568,1.6,0,50,500,1
2733,1,48774,1.6,0,50,500,1
2734,1,76084,1.6,0,50,500,1
2735,1,73601,1.6,0,50,500,1
2736,1,60582,1.6,0,50,500,1
2737,1,87545,1.6,0,50,500,1
2738,1,91737,1.6,0,50,500,1
2739,1,8212,1.6,0,50,500,1
2740,1,59090,1.6,0,50,500,1
2741,1,39227,1.6,0,50,500,1
2742,1,22375,1.6,0,50,500,1
2743,1,64517,1.6,0,50,500,1
2744,1,91530,1.6,0,50,500,1
2745,1,65357,1.6,0,50,500,1
2746,1,34596,1.6,0,50,500,1
2747,1,20023,1.6,0,50,500,1
2748,1,31005,1.6,0,50,500,1
2749,1,36819,1.6,0,50,500,1
2750,1,87397,1.6,0,50,500,1
2751,1,77909,1.6,0,50,500,1
2752,1,93655,1.6,0,50,500,1
2753,1,5154,1.6,0,50,500,1
2754,1,78997,1.6,0,50,500,1
2755,1,30983,1.6,0,50,500,1
2756,1,6583,1.6,0,50,500,1
2757,1,7239,1.6,0,50,500,1
2758,1,94734,1.6,0,50,500,1
2759,1,12772,1.6,0,50,500,1
2760,1,86300,1.6,0,50,500,1
2761,1,78212,1.6,0,50,500,1
2762,1,81145,1.6,0,50,500,1
2763,1,23909,1.6,0,50,500,1
2764,1,78707,1.6,0,50,500,1
2765,1,8592,1.6,0,50,500,1
2766,1,84895,1.6,0,50,500,1
2767,1,96011,1.6,0,50,500,1
2768,1,34355,1.6,0,50,500,1
2769,1,49103,1.6,0,50,500,1
2770,1,99736,1.6,0,50,500,1
2771,1,36093,1.6,0,50,500,1
2772,1,54268,1.6,0,50,500,1
2773,1,39158,1.6,0,50,500,1
2774,1,43649,1.6,0,50,500,1
2775,1,89070,1.6,0,50,500,1
2776,1,50935,1.6,0,50,500,1
2777,1,35432,1.6,0,50,500,1
2778,1,74624,1.6,0,50,500,1
2779,1,62455,1.6,0,50,500,1
2780,1,4037,1.6,0,50,500,1
2781,1,10622,1.6,0,50,500,1
2782,1,33807,1.6,0,50,500,1
2783,1,80839,1.6,0,50,500,1
2784,1,64337,1.6,0,50,500,1
2785,1,75205,1.6,0,50,500,1
2786,1,96495,1.6,0,50,500,1
2787,1,55196,1.6,0,50,500,1
2788,1,73196,1.6,0,50,500,1
2789,1,20416,1.6,0,50,500,1
2790,1,40209,1.6,0,50,500,1
2791,1,81963,1.6,0,50,500,1
2792,1,26544,1.6,0,50,500,1
2793,1,34367,1.6,0,50,500,1
2794,1,94953,1.6,0,50,500,1
2795,1,93796,1.6,0,50,500,1
2796,1,78631,1.6,0,50,500,1
2797,1,96854,1.6,0,50,500,1
2798,1,95157,1.6,0,50,500,1
2799,1,89207,1.6,0,50,500,1
2800,1,63502,1.6,0,50,500,1
2801,1,72265,1.6,0,50,500,1
2802,1,41716,1.6,0,50,500,1
2803,1,39810,1.6,0,50,500,1
2804,1,26465,1.6,0,50,500,1
2805,1,10618,1.6,0,50,500,1
2806,1,74707,1.6,0,50,500,1
2807,1,2015,1.6,0,50,500,1
2808,1,89202,1.6,0,50,500,1
2809,1,55308,1.6,0,50,500,1
2810,1,5227,1.6,0,50,500,1
2811,1,10134,1.6,0,50,500,1
2812,1,34741,1.6,0,50,500,1
2813,1,73989,1.6,0,50,500,1
2814,1,56159,1.6,0,50,500,1
2815,1,59966,1.6,0,50,500,1
2816,1,49940,1.6,0,50,500,1
2817,1,54404,1.6,0,50,500,1
2818,1,92566,1.6,0,50,500,1
2819,1,18854,1.6,0,50,500,1
2820,1,96782,1.6,0,50,500,1
2821,1,77512,1.6,0,50,500,1
2822,1,13656,1.6,0,50,500,1
2823,1,34810,1.6,0,50,500,1
2824,1,4176,1.6,0,50,500,1
2825,1,84334,1.6,0,50,500,1
2826,1,11017,1.6,0,50,500,1
2827,1,64091,1.6,0,50,500,1
2828,1,74561,1.6,0,50,500,1
2829,1,61921,1.6,0,50,500,1
2830,1,91624,1.6,0,50,500,1
2831,1,79451,1.6,0,50,500,1
2832,1,88128,1.6,0,50,500,1
